"No_";"Description";"Starting Date";"Ending Date";"Last Date Modified"
"AKCIA14-0135";"KF00 akcia CALVO 30.10. - 05.11.2014";2014-10-13;2014-11-05;2014-09-23
"AKCIA14-0137";"MT00 post c.14223 APPEL 22.10. - 04.11.2014";2014-10-09;2014-11-04;2014-09-26
"AKCIA14-0140";"BL00 akcia CROISSANT 05.11. - 11.11.2014";2014-10-13;2014-11-11;2014-10-14
"AKCIA14-0142";"BL00 CLUB akcia OPTIMA, FRAGA 29.10. - 25.11.2014";2014-10-06;2014-11-25;2014-10-02
"AKCIA14-0143";"BL00 akcia SOS 05.11. - 11.11.2014";2014-10-13;2014-11-11;2014-10-07
"AKCIA14-0146";"MT00 post c.14724 SOS 5kg 05.11. - 02.12.2014";2014-10-23;2014-12-02;2014-10-14
"AKCIA14-0147";"CP00 SPM+TEMPO akcia c.23 SOS 06.11. - 19.11.14";2014-10-20;2014-11-19;2014-10-15
"AKCIA14-0148";"CB00 VEREX akcia BORGES 16.10. - 05.11.2014";2014-10-01;2014-11-05;2014-10-15
"AKCIA14-0150";"BL00 akcia CALVO 3+1 19.11. - 25.11.2014";2014-10-27;2014-11-25;2014-10-21
"AKCIA14-0152";"CB00 akcia IAN, SOS 01.11. - 30.11.2014";2014-10-22;2014-11-30;2014-10-23
"AKCIA14-0154";"TR00 akcia c.47 SOS 20.11. - 26.11.2014";2014-11-03;2014-12-10;2014-10-28
"AKCIA14-0155";"CP00 SPM+TEMPO akcia c.24 BORGES 20.11. - 03.12.14";2014-11-03;2014-12-03;2014-10-28
"AKCIA14-0156";"MT00 post c.14549 COOLDIST 19.11. - 24.12.2014";2014-11-06;2014-12-24;2014-10-29
"AKCIA14-0157";"BL00 CLUB akcia MANOLITA 01.12. - 31.12.2014";2014-11-10;2014-12-31;2014-11-03
"AKCIA14-0158";"TR00 akcia VIANOCE 13.12. - 24.12.2014";2014-11-10;2014-12-31;2014-11-03
"AKCIA14-0159";"BL00 akcia SOS 03.12. - 09.12.2014";2014-11-10;2014-12-09;2014-11-04
"AKCIA14-0160";"MT00 post c.14560 BORGES arom.03.12. - 31.12.2014";2014-11-20;2014-12-31;2014-11-04
"AKCIA14-0161";"MT00 post c.14326 COOLDIST 03.12. - 16.12.2014";2014-11-20;2014-12-16;2014-11-07
"AKCIA14-0162";"MT00 post c.14560 COOLDIST 03.12. - 31.12.2014";2014-11-20;2014-12-31;2014-11-07
"AKCIA14-0163";"MT00 post c.14226 CALVO, BORG 03.12. - 16.12.2014";2014-11-20;2014-12-16;2014-11-18
"AKCIA14-0164";"MT00 post c.14726 LP olivy 03.12. - 31.12.2014";2014-11-20;2014-12-31;2014-11-07
"AKCIA14-0167";"BL00 akcia CALVO 10.12. - 16.12.2014";2014-11-17;2014-12-16;2014-11-18
"AKCIA14-0169";"CP00 JLC akcia CALVO 03.12. - 16.12.2014";2014-11-19;2014-12-16;2014-11-21
"AKCIA14-0170";"CB00 VEREX akcia CALVO 160g 15.12. - 31.12.2014";2014-11-25;2014-12-31;2014-11-25
"AKCIA14-0171";"BL00 akcia CROISSANT 17.12. - 24.12.2014";2014-11-24;2014-12-24;2014-11-26
"AKCIA14-0172";"TR00 akcia c.51/52 EP 18.12. - 31.12.2014";2014-12-08;2015-01-02;2014-11-26
"AKCIA14-0173";"TR00 akcia c.51/52 CAL18.12. - 31.12.2014";2014-12-01;2015-01-14;2014-11-26
"AKCIA14-0174";"MT00 post c.14227 SOS 1kg 17.12. - 31.12.2014";2014-12-04;2014-12-31;2014-11-26
"AKCIA15-0001";"BL00 CLUB akcia MANOLITA 02.01. - 31.01.2015";2014-12-08;2015-01-31;2014-12-01
"AKCIA15-0003";"MT00 post c.15303 COOLDIST 14.01. - 28.01.2015";2015-01-02;2015-01-27;2014-12-16
"AKCIA15-0004";"TR00 akcia c.03 SOS 15.01. - 21.01.2015";2014-12-29;2015-02-04;2014-12-16
"AKCIA15-0005";"BL00 akcia BORGES 750ml 28.01. - 03.02.2015";2015-01-05;2015-02-03;2014-12-18
"AKCIA15-0006";"CP00 SPM+TEMPO akcia c.03 SOS 22.01. - 28.01.15";2015-01-02;2015-01-28;2014-12-19
"AKCIA15-0007";"MT00 post c.15204 CALVO 28.01. - 10.02.2015";2015-01-15;2015-02-10;2014-12-30
"AKCIA15-0008";"BL00 CLUB akcia CALVO,FRAGATA 01.02. - 28.02.2015";2015-01-12;2015-02-28;2015-01-07
"AKCIA15-0009";"BL00 akcia SOS 04.02. - 10.02.2015";2015-01-12;2015-02-10;2015-01-07
"AKCIA15-0010";"CP00 SPM+TEMPO akcia c.04 CALVO 29.01. - 04.02.15";2015-01-12;2015-02-04;2015-01-08
"AKCIA15-0011";"BL00 akcia CROISSANT 28.01. - 03.02.2015";2015-01-12;2015-02-03;2015-01-07
"AKCIA15-0013";"CB00 DNC I.Q. + II.Q.+ III.Q.2015 + IV.Q.2015";2015-01-01;2015-12-31;2015-09-08
"AKCIA15-0014";"BL00 akcia CALVO 21.01. - 27.01.2015";2014-12-29;2015-01-27;2015-01-19
"AKCIA15-0015";"CP00 SPM+TEMPO akcia c.06 BORGES 19.02. - 18.02.15";2015-01-26;2015-02-18;2015-01-21
"AKCIA15-0016";"MT00 post c.15205 BORGES 11.02. - 24.02.2015";2015-01-29;2015-02-24;2015-01-22
"AKCIA15-0017";"CP00 Trencín akcia CALVO 13.02. - 26.02.15";2015-01-29;2015-02-26;2015-01-22
"AKCIA15-0018";"TR00 akcia c.08 EL POZ18.02. - 25.02.2015";2015-01-26;2015-02-28;2015-01-23
"AKCIA15-0019";"MT00 post c.15140 PARDINA 11.02. - 10.03.2015";2015-01-29;2015-03-10;2015-01-23
"AKCIA15-0020";"BL00 akcia BORGES 25.02. - 03.03.2015";2015-02-02;2015-03-03;2015-01-27
"AKCIA15-0021";"BL00 CLUB akcia APPEL,FRAGATA 01.03. - 31.03.2015";2015-02-09;2015-03-31;2015-01-29
"AKCIA15-0022";"BL00 akcia CROISSANT 04.03. - 10.03.2015";2015-02-16;2015-03-10;2015-01-29
"AKCIA15-0023";"CB00 akcia CALVO 160g 19.02. - 04.03.2015";2015-02-05;2015-03-04;2015-01-29
"AKCIA15-0024";"CB00 VEREX akcia CALVO 80g 19.02. - 04.03.2014";2015-02-02;2015-03-04;2015-02-02
"AKCIA15-0026";"MT00 post c.15206 BORGES, APP 25.02. - 10.03.2015";2015-02-12;2015-03-10;2015-02-05
"AKCIA15-0027";"BL00 DNC COOKIES 10.02. - 31.08.2015";2015-02-10;2015-08-31;2015-06-08
"AKCIA15-0028";"BL00 akcia BORGES 16.03. - 06.04.2015";2015-02-23;2015-04-06;2015-02-17
"AKCIA15-0030";"MT00 post c.15207 SOS 11.03. - 24.03.2015";2015-02-26;2015-03-24;2015-02-23
"AKCIA15-0032";"MT00 post c.15164 COOLDIST 25.03. - 21.04.2015";2015-03-12;2015-04-21;2015-02-23
"AKCIA15-0033";"BL00 akcia CALVO 11.03. - 17.03.2015";2015-02-23;2015-03-17;2015-02-23
"AKCIA15-0034";"MT00 DNC EP Serrano 01.03. - 14.03.2015";2015-03-01;2015-03-31;2015-03-13
"AKCIA15-0035";"MT00 post c.15164 BORGES arom.25.03. - 21.04.2015";2015-03-12;2015-04-21;2015-02-27
"AKCIA15-0036";"CP00 SPM+TEMPO akcia c.12 FRAGATA26.03. - 01.04.15";2015-03-09;2015-04-01;2015-03-09
"AKCIA15-0037";"BL00 CLUB akcia SOS 01.04. - 30.04.2015";2015-03-09;2015-04-30;2015-03-09
"AKCIA15-0038";"BL00 akcia SOS 01.04. - 07.04.2015";2015-03-09;2015-04-07;2015-03-09
"AKCIA15-0041";"MT00 post c.15209 CALVO 08.04. - 21.04.2015";2015-03-26;2015-04-21;2015-03-13
"AKCIA15-0042";"CB00 MARKET akcia BORGES, SOS 09.04. - 22.04.15";2015-03-16;2015-04-23;2015-03-17
"AKCIA15-0043";"BL00 akcia BORGES 15.04. - 21.04.2015";2015-03-23;2015-04-21;2015-03-17
"AKCIA15-0044";"BL00 DNC FRAGATA 300g 01.04. - 30.06.2015";2015-04-01;2015-06-30;2015-03-20
"AKCIA15-0045";"CB00 akcia IAN, SOS 01.04. - 30.04.2015";2015-03-20;2015-04-30;2015-03-24
"AKCIA15-0046";"CP00 SPM+TEMPO akcia c.15 BORGES 16.04. - 22.04.15";2015-04-01;2015-04-22;2015-03-24
"AKCIA15-0047";"MT00 post c.15210 APPEL,CALVO 22.04. - 05.05.2015";2015-04-09;2015-05-05;2015-03-27
"AKCIA15-0048";"BL00 CLUB akcia CALVO 01.05. - 31.05.2015";2015-04-07;2015-05-31;2015-03-27
"AKCIA15-0049";"CB00 VEREX akcia SOS 16.04. - 06.05.2015";2015-04-01;2015-05-06;2015-03-27
"AKCIA15-0050";"BL00 akcia CALVO 29.04. - 05.05.2015";2015-04-06;2015-05-05;2015-03-30
"AKCIA15-0051";"BL00 akcia CROISSANT 06.05. - 12.05.2015";2015-04-13;2015-05-12;2015-04-01
"AKCIA15-0052";"MT00 post c.15183 BORGES arom.22.04. - 19.05.2015";2015-04-09;2015-05-19;2015-04-10
"AKCIA15-0053";"BL00 akcia BORGES 1L 06.05. - 12.05.2015";2015-04-13;2015-05-12;2015-04-10
"AKCIA15-0054";"CP00 Galanta akcia CALVO 23.04. - 06.05.2015";2015-04-13;2015-05-06;2015-04-10
"AKCIA15-0057";"MT00 post c.15211 SOS 06.05. - 19.05.2015";2015-04-23;2015-05-19;2015-04-14
"AKCIA15-0061";"KF00 akcia CALVO 14.05. - 20.05.2015";2015-04-27;2015-05-20;2015-04-17
"AKCIA15-0062";"KF00 akcia SOS 18.06. - 24.06.2015";2015-06-01;2015-06-24;2015-04-17
"AKCIA15-0063";"BL00 akcia SOS, CALVO 20.05. - 26.05.2015";2015-04-27;2015-05-26;2015-04-21
"AKCIA15-0064";"CP00 SPM+TEMPO akcia c.19 CALVO 14.05. - 20.05.15";2015-04-27;2015-05-20;2015-04-21
"AKCIA15-0066";"TR00 akcia LETO CALVO 21.05. - 24.06.2015";2015-04-27;2015-07-01;2015-04-24
"AKCIA15-0068";"MT00 post c.15712 CALVO 1 kg 20.05. - 16.06.2015";2015-05-07;2015-06-16;2015-04-27
"AKCIA15-0069";"CP00 SPM+TEMPO akcia c.20 SOS 21.05. - 27.05.15";2015-05-04;2015-05-27;2015-04-28
"AKCIA15-0070";"CP00 GALANTA DNC FRAGATA Ocbk 04.05. - 01.08.2015";2015-05-01;2015-08-01;2015-05-04
"AKCIA15-0071";"CP00 D.Streda akcia CALVO 14.05. - 27.05.2015";2015-04-30;2015-05-27;2015-05-04
"AKCIA15-0072";"CB00 SLOVAKIA akcia CALVO 01.06. - 21.06.2015";2015-05-07;2015-06-21;2015-05-04
"AKCIA15-0073";"BL00 akcia CROISSANT 10.06. - 16.06.2015";2015-05-18;2015-06-16;2015-05-04
"AKCIA15-0074";"MT00 post c.15212 BORGES 2l 20.05. - 02.06.2015";2015-05-07;2015-06-02;2015-05-04
"AKCIA15-0075";"MT00 post c.15313 COOLDIST 03.06. - 16.06.2015";2015-05-21;2015-06-16;2015-05-07
"AKCIA15-0076";"MT00 post c.15408 COOLDIST 03.06. - 30.06.2015";2015-05-21;2015-06-30;2015-05-07
"AKCIA15-0077";"BL00 CLUB akcia FRAGATA 01.06. - 30.06.2015";2015-05-11;2015-06-30;2015-05-11
"AKCIA15-0079";"TR00 akcia c.24 BORGES11.06. - 17.06.2015";2015-05-25;2015-07-01;2015-05-12
"AKCIA15-0081";"CP00 Galanta akcia FRAGATA 04.06. - 17.06.2015";2015-05-21;2015-06-17;2015-05-15
"AKCIA15-0082";"CP00 Trencín akcia CALVO 05.06. - 18.06.2015";2015-05-21;2015-06-18;2015-05-15
"AKCIA15-0083";"BL00 akcia BORGES 10.06. - 16.06.2015";2015-05-18;2015-06-16;2015-05-15
"AKCIA15-0084";"MT00 post c.15714 SOS,LP olivy17.06. - 14.07.2015";2015-06-04;2015-07-14;2015-05-25
"AKCIA15-0086";"TR00 akcia c.27 SOS,F 02.07. - 08.07.2015";2015-06-15;2015-07-22;2015-05-25
"AKCIA15-0087";"BL00 akcia CALVO 24.06. - 30.06.2015";2015-06-01;2015-06-30;2015-05-26
"AKCIA15-0090";"CP00 SPM+TEMPO akcia c.24 BORGES 18.06. - 24.06.15";2015-06-01;2015-06-24;2015-05-27
"AKCIA15-0091";"CP00 Nitra akcia CALVO 22.06. - 12.07.2015";2015-06-08;2015-07-12;2015-05-28
"AKCIA15-0092";"CB00 VEREX akcia CALVO 18.06. - 01.07.2015";2015-05-29;2015-07-01;2015-05-28
"AKCIA15-0093";"CP00 DNC olivy FRAGATA 300g 01.06. - 31.12.2015";2015-06-01;2015-12-31;2015-05-28
"AKCIA15-0094";"CP00 DNC olivy LA PUEBLA  01.06. - 31.12.2015";2015-06-01;2015-12-31;2015-05-28
"AKCIA15-0095";"BL00 CLUB akcia SOS 01.07. - 31.07.2015";2015-06-08;2015-07-31;2015-06-03
"AKCIA15-0096";"CP00 N.Zámky akcia vik24 LP 12.06. - 14.06.2015";2015-06-01;2015-06-14;2015-06-03
"AKCIA15-0097";"CB00 DNC olivy LP 200g 01.06. - 31.12.2015";2015-06-01;2015-12-31;2015-06-03
"AKCIA15-0099";"BL00 akcia CROISSANT 08.07. - 14.07.2015";2015-06-15;2015-07-14;2015-06-10
"AKCIA15-0103";"TR00 akcia c.28 APPEL 09.07. - 15.07.2015";2015-06-22;2015-07-29;2015-06-23
"AKCIA15-0104";"BL00 akcia CALVO,SOS,BORGES 15.07. - 21.07.2015";2015-06-22;2015-07-21;2015-07-07
"AKCIA15-0105";"MT00 post c.15216 APPEL 15.07. - 28.07.2015";2015-07-02;2015-07-28;2015-06-23
"AKCIA15-0107";"TR00 akcia c.33 CALVO 13.08. - 19.08.2015";2015-07-27;2015-09-02;2015-06-23
"AKCIA15-0108";"KF00 akcia VIVE SOY 23.07. - 29.07.2015";2015-07-09;2015-07-29;2015-06-25
"AKCIA15-0109";"CP00 Nitra DNC LIMENA 01.07. - 30.09.2015";2015-07-01;2015-09-30;2015-06-26
"AKCIA15-0110";"CB00 akcia CALVO 80g 16.07. - 05.08.2015";2015-07-02;2015-08-05;2015-06-26
"AKCIA15-0111";"MT00 post c.15316 COOLDIST 18.07. - 28.07.2015";2015-07-02;2015-07-28;2015-06-26
"AKCIA15-0112";"CB00 MARKET akcia BORGES, SOS 16.07. - 05.08.15";2015-06-29;2015-09-30;2015-08-18
"AKCIA15-0113";"CP00 D.Streda akcia CALVO 09.07. - 22.07.2015";2015-06-25;2015-07-22;2015-06-26
"AKCIA15-0114";"KF00 akcia SOS 10.09. - 16.09.2015";2015-08-24;2015-09-16;2015-06-30
"AKCIA15-0115";"CP00 SPM+TEMPO akcia c.29 CALVO 23.07. - 29.07.15";2015-07-06;2015-07-29;2015-06-30
"AKCIA15-0116";"CP00 TN DNC CALVO, FRAGATA 15.07. - 15.10.2015";2015-07-01;2015-09-30;2015-07-08
"AKCIA15-0117";"TR00 akcia GRIL SOS 16.07. - 12.08.2015";2015-06-29;2015-08-26;2015-06-30
"AKCIA15-0118";"BL00 akcia CROISSANT 05.08. - 11.08.2015";2015-07-20;2015-08-11;2015-06-30
"AKCIA15-0119";"TR00 DNC  FRAGATA 01.08. - 30.09.2014";2015-07-13;2015-09-30;2015-07-06
"AKCIA15-0120";"BL00 CLUB akcia CALVO sardinky01.08. - 31.08.2015";2015-07-13;2015-08-31;2015-07-06
"AKCIA15-0121";"CP00 GA DNC CALVO, FRAGATA 15.07. - 15.10.2015";2015-07-15;2015-10-15;2015-07-10
"AKCIA15-0122";"CP00 NR DNC CALVO 15.07. - 15.10.2015";2015-07-01;2015-09-30;2015-07-08
"AKCIA15-0123";"CP00 Galanta akcia CALVO 30.07. - 12.08.2015";2015-07-16;2015-08-12;2015-07-07
"AKCIA15-0124";"BL00 akcia SOS 1kg 05.08. - 11.08.2015";2015-07-13;2015-08-11;2015-07-20
"AKCIA15-0125";"MT00 post c.15217 SOS 1kg 29.07. - 11.08.2015";2015-07-16;2015-08-11;2015-07-09
"AKCIA15-0126";"BL00 akcia CALVO 3+1 12.08. - 18.08.2015";2015-07-20;2015-08-18;2015-07-14
"AKCIA15-0128";"TR00 akcia c.31 BORGES30.07. - 02.08.2015";2015-07-13;2015-08-12;2015-07-17
"AKCIA15-0130";"MT00 post c.15718 SOS 5kg 12.08. - 08.09.2015";2015-07-30;2015-09-08;2015-07-20
"AKCIA15-0131";"CP00 SPM+TEMPO akcia c.32 BORGES 13.08. - 19.08.15";2015-07-27;2015-08-19;2015-07-21
"AKCIA15-0132";"BL00 akcia BORGES 19.08. - 25.08.2015";2015-07-27;2015-08-25;2015-07-23
"AKCIA15-0133";"CB00 VEREX akcia CALVO 20.08. - 02.09.2015";2015-07-27;2015-09-02;2015-09-09
"AKCIA15-0135";"MT00 post c.15319 COOLDIST 26.08. - 08.09.2015";2015-08-13;2015-09-08;2015-07-28
"AKCIA15-0136";"CB00 DNC CALVO 160g 01.08. - 31.08.2015";2015-08-01;2015-09-30;2015-09-29
"AKCIA15-0137";"CB00 akcia CALVO 80g 21.08. - 01.09.2015";2015-08-07;2015-09-01;2015-07-31
"AKCIA15-0139";"CB00 SLOVAKIA akcia CALVO 24.08. - 13.09.2015";2015-08-10;2015-09-13;2015-08-06
"AKCIA15-0140";"BL00 akcia CROISSANT 16.09. - 22.09.2015";2015-08-24;2015-09-22;2015-08-06
"AKCIA15-0141";"MT00 post c.15219 BORGES 26.08. - 02.09.2015";2015-08-13;2015-09-08;2015-08-06
"AKCIA15-0142";"MT00 post c.1519 LIMENA 26.08. - 08.09.2015";2015-08-23;2015-09-08;2015-08-06
"AKCIA15-0143";"BL00 CLUB akcia FRAGATA 300g 01.09. - 30.09.2015";2015-08-10;2015-09-30;2015-08-17
"AKCIA15-0144";"BL00 akcia SOS 1kg 02.09. - 08.09.2015";2015-08-10;2015-09-08;2015-08-17
"AKCIA15-0145";"TR00 akcia c.36 BORGES 3.09. - 09.09.2015";2015-08-17;2015-09-23;2015-08-17
"AKCIA15-0147";"MT00 post c.15720 LP Olivy 09.09. - 06.10.2015";2015-08-27;2015-10-06;2015-08-17
"AKCIA15-0148";"BL00 akcia MUFFIN 30.09. - 06.10.2015";2015-09-07;2015-10-13;2015-08-26
"AKCIA15-0149";"TR00 akcia c.37 SOS 10.09. - 16.09.2015";2015-08-24;2015-09-16;2015-08-24
"AKCIA15-0150";"BL00 akcia CALVO 4+2 16.09. - 22.09.2015";2015-08-23;2015-09-22;2015-08-24
"AKCIA15-0151";"CP00 SPM+TEMPO akcia c.37 CALVO 17.09. - 23.09.15";2015-08-31;2015-09-23;2015-08-25
"AKCIA15-0154";"BL00 CLUB akcia SOS 01.10. - 31.10.2015";2015-09-07;2015-10-31;2015-08-28
"AKCIA15-0155";"CP00 SPM+TEMPO akcia c.38 SOS 24.09. - 30.09.15";2015-09-07;2015-09-30;2015-09-02
"AKCIA15-0156";"MT00 post c.15221 CALVO 3x80g 23.09. - 06.10.2015";2015-09-10;2015-10-06;2015-09-03
"AKCIA15-0157";"CB00 akcia CALVO 3x80g 17.09. - 30.09.2015";2015-09-03;2015-09-30;2015-09-03
"AKCIA15-0159";"CP00 Galanta akcia GULLÓN 24.09. - 07.10.2015";2015-09-10;2015-10-07;2015-09-04
"AKCIA15-0160";"BL00 akcia CROISSANT 14.10. - 20.10.2015";2015-09-30;2015-10-20;2015-09-07
"AKCIA15-0162";"BL00 akcia BORGES 750ml 07.10. - 13.10.2015";2015-09-14;2015-10-13;2015-09-08
"AKCIA15-0164";"MT00 post c.15322 COOLDIST 07.10. - 20.10.2015";2015-09-24;2015-10-20;2015-09-10
"AKCIA15-0165";"BL00 katalóg BORGES 500ml 19.10. - 08.11.2015";2015-09-28;2015-11-08;2015-09-18
"AKCIA15-0166";"MT00 post c.15722 CALVO, SOS 07.10. - 03.11.2015";2015-09-24;2015-11-03;2015-09-23
"AKCIA15-0167";"BL00 CLUB akcia LIMENA 01.10. - 31.10.2015";2015-09-25;2015-10-31;2015-09-22
"AKCIA15-0168";"CP00 SPM+TEMPO akcia c.41 BORGES 15.10. - 21.10.15";2015-09-28;2015-10-21;2015-09-22
"AKCIA15-0169";"TR00 akcia c.39 FRAGAT24.09. - 30.09.2015";2015-09-07;2015-10-14;2015-09-23
"AKCIA15-0171";"BL00 akcia CALVO 3x80g 21.10. - 27.10.2015";2015-09-28;2015-10-27;2015-09-25
"AKCIA15-0172";"CB00 MARKET akcia BORGES, SOS 15.10. - 04.11.15";2015-09-28;2015-11-04;2015-09-28
"AKCIA15-0174";"KF00 akcia CALVO 15.10. - 21.10.2015";2015-09-30;2015-10-21;2015-09-29
"AKCIA15-0176";"MT00 post c.15223 SOS 1kg 21.10. - 03.11.2015";2015-10-08;2015-11-03;2015-09-29
"AKCIA15-0177";"CB00 VEREX akcia FRAGATA 15.10. - 04.11.2015";2015-09-30;2015-11-04;2015-09-30
"AKCIA15-0178";"CB00 akcia CALVO 160g 15.10. - 04.11.2015";2015-10-01;2015-11-04;2015-10-12
"AKCIA15-0179";"BL00 CLUB akcia CALVO,FRAGATA 01.11. - 30.11.2015";2015-10-12;2015-11-30;2015-10-12
"AKCIA15-0180";"BL00 akcia SOS 1kg 04.11. - 10.11.2015";2015-10-12;2015-11-10;2015-10-12
"AKCIA15-0181";"BL00 akcia BORGES 500ml 11.11. - 17.11.2015";2015-10-19;2015-11-17;2015-10-12
"AKCIA15-0182";"BL00 akcia MUFFIN 11.11. - 17.11.2015";2015-10-26;2015-11-24;2015-10-12
"AKCIA15-0183";"BL00 akcia CROISSANT 18.11. - 01.12.2015";2015-11-02;2015-12-01;2015-10-12
"AKCIA15-0185";"MT00 post c.15224 BORGES 2l 04.11. - 17.11.2015";2015-10-22;2015-11-17;2015-10-16
"AKCIA15-0186";"BL00 akcia CALVO 3+1 18.11. - 24.11.2015";2015-10-26;2015-11-24;2015-10-21
"AKCIA15-0187";"TR00 akcia c.46 BORGES12.11. - 18.11.2015";2015-10-29;2015-12-02;2015-10-26
"AKCIA15-0189";"MT00 post c.15513 COOLDIST 18.11. - 24.12.2015";2015-11-05;2015-12-24;2015-10-27
"AKCIA15-0190";"CP00 D.Streda akcia CALVO 12.11. - 25.11.2015";2015-10-29;2015-11-25;2015-10-28
"AKCIA15-0191";"CP00 GALANTA akcia CALVO 19.11. - 02.12.2015";2015-11-05;2015-12-02;2015-10-28
"AKCIA15-0192";"CB00 c.11/15 BERLYS 01.11. - 30.11.2015";2015-10-21;2015-11-30;2015-10-29
"AKCIA15-0193";"BL00 akcia BORGES 500ml 09.12. - 15.12.2015";2015-11-16;2015-12-15;2015-11-03
"AKCIA15-0194";"MT00 post c.15520 COOLDIST 02.12. - 31.12.2015";2015-11-19;2015-12-31;2015-11-04
"AKCIA15-0195";"CP00 SPM+TEMPO akcia c.47 SOS 1kg26.11. - 02.12.15";2015-11-09;2015-12-02;2015-11-04
"AKCIA15-0196";"TR00 akcia c.48 CALVO 26.11. - 02.12.2015";2015-11-09;2015-12-16;2015-11-09
"AKCIA15-0198";"CP00 Galanta akcia CALVO 03.12. - 16.12.2015";2015-11-19;2015-12-16;2015-11-11
"AKCIA15-0199";"CP00 Nitra akcia CALVO 07.12. - 31.12.2015";2015-11-23;2015-12-31;2015-11-11
"AKCIA15-0200";"BL00 akcia CALVO 3x80g 16.12. - 20.12.2015";2015-11-23;2015-12-24;2015-11-11
"AKCIA15-0202";"CP00 Krupina akcia CALVO 09.12. - 31.12.2015";2015-11-23;2015-12-31;2015-11-11
"AKCIA15-0203";"MT00 post c.15226 BORGES ocot 02.12. - 15.12.2015";2015-11-19;2015-12-15;2015-11-11
"AKCIA15-0204";"MT00 post c.15726 SOS 5kg 02.12. - 31.12.2015";2015-11-19;2015-12-31;2015-11-11
"AKCIA15-0205";"CP00 Trencín akcia CALVO 03.12. - 31.12.2015";2015-11-19;2015-12-31;2015-11-16
"AKCIA15-0206";"BL00 KW52+53 CROISSANT 21.12. - 05.01.2016";2015-12-07;2016-01-05;2016-03-17
"AKCIA15-0208";"CB00 VEREX akcia SOS, CALVO 15.12. - 31.12.2015";2015-11-25;2015-12-31;2015-11-19
"AKCIA15-0209";"BL00 akcia SOS 1kg 21.12. - 27.12.2015";2015-11-30;2015-12-27;2015-11-19
"AKCIA15-0210";"BL00 CLUB akcia APPEL 01.12. - 31.12.2015";2015-11-09;2015-12-31;2015-11-20
"AKCIA15-0211";"CB00 SLOVAKIA akcia CALVO 07.12. - 31.12.2015";2015-12-01;2015-12-31;2015-11-23
"AKCIA15-0212";"CP00 SPM+TEMPO akcia c.51 BORGES 17.12. - 31.12.15";2015-11-30;2015-12-31;2015-11-24
"AKCIA15-0213";"MT00 post c.15727 CALVO 16.12. - 31.12.2015";2015-12-03;2015-12-31;2015-11-24
"AKCIA15-0214";"CB00 akcia CALVO 160g 15.12. - 31.12.2015";2015-12-01;2015-12-31;2015-11-30
"AKCIA16-0001";"BL00 CLUB akcia OPTIMA 1l 01.01. - 31.01.2016";2015-12-07;2016-01-31;2015-11-27
"AKCIA16-0002";"CB00 DNC I.Q.+ II.Q.+ III.Q.+IV.Q.2016";2016-01-01;2016-12-31;2016-09-05
"AKCIA16-0003";"BL00 CLUB akcia SMOOTHIE 01.01. - 31.01.2016";2015-12-11;2016-01-31;2015-12-10
"AKCIA16-0004";"BL00 akcia FRAGATA 20.01. - 26.01.2016";2015-12-28;2016-01-26;2015-12-14
"AKCIA16-0005";"BL00 KW03 MUFFIN 13.01. - 26.01.2016";2015-12-28;2016-12-31;2016-03-17
"AKCIA16-0006";"MT00 post c.16203 SOS 1kg 13.01. - 26.01.2016";2015-12-31;2016-01-26;2015-12-21
"AKCIA16-0009";"BL00 akcia BORGES 27.01. - 02.02.2016";2016-01-04;2016-02-02;2016-01-04
"AKCIA16-0010";"BL00 akcia CALVO,SOS 03.02. - 09.02.2016";2016-01-11;2016-02-09;2016-01-04
"AKCIA16-0011";"MT00 post c.16704 SOS 5kg 27.01. - 23.02.2016";2016-01-14;2016-02-23;2016-01-05
"AKCIA16-0012";"BL00 KW06 CROISSANT 03.02. - 09.02.2016";2016-01-11;2016-02-09;2016-03-17
"AKCIA16-0016";"CB00 VEREX akcia CALVO 18.02. - 09.03.2016";2016-02-03;2016-03-09;2016-01-07
"AKCIA16-0017";"KF00 akcia SOS 24.03. - 30.03.2016";2016-03-07;2016-03-30;2016-02-19
"AKCIA16-0018";"BL00 akcia IN-OUT GULLON 01.02. - 30.04.2016";2016-01-15;2016-04-30;2016-02-01
"AKCIA16-0019";"MT00 post c.16205 GULLÓN,BORG 10.02. - 23.02.2016";2016-01-28;2016-02-23;2016-01-20
"AKCIA16-0022";"CB00 MARKET akcia HUMMUS,GULLON 18.02. - 09.03.2016";2016-02-01;2016-03-09;2016-01-27
"AKCIA16-0025";"KF00 akcia VIVE SOY 10.03. - 16.03.2016";2016-02-25;2016-03-16;2016-01-27
"AKCIA16-0028";"BL00 akcia BORGES 17.02. - 23.02.2016";2016-02-01;2016-02-23;2016-01-29
"AKCIA16-0029";"CB00 akcia CALVO 19.02. - 08.03.2016";2016-02-01;2016-03-08;2016-02-01
"AKCIA16-0030";"CP00 SPM+TEMPO akcia c.08 CALVO25.02. - 02.03.2016";2016-02-08;2016-03-02;2016-02-01
"AKCIA16-0031";"BL00 CLUB akcia OPTIMA+SARDIN 01.03. - 31.03.2016";2016-02-08;2016-03-31;2016-02-01
"AKCIA16-0032";"BL00 KW10 CROISSANT 02.03. - 08.03.2016";2016-02-17;2016-03-08;2016-03-17
"AKCIA16-0033";"MT00 post c.16206 CALVO 24.02. - 08.03.2016";2016-02-11;2016-03-08;2016-02-04
"AKCIA16-0034";"MT00 post c.16706 BORGES,LP 24.02. - 22.03.2016";2016-02-11;2016-03-22;2016-02-04
"AKCIA16-0035";"MT00 post c.16136 COOLDIST 09.03. - 05.04.2016";2016-02-25;2016-04-05;2016-02-04
"AKCIA16-0036";"BL00 akcia CALVO 09.03. - 15.03.2016";2016-02-15;2016-03-15;2016-02-08
"AKCIA16-0037";"TR00 akcia c.07 CALVO 18.02. - 24.02.2016";2016-02-10;2016-02-24;2016-02-09
"AKCIA16-0038";"CP00 SPM+TEMPO akcia c.09 SOS 03.03. - 09.03.2016";2016-02-15;2016-03-09;2016-02-09
"AKCIA16-0039";"KF00 akcia VIVE SOY 21.04. - 27.04.2016";2016-04-07;2016-04-27;2016-02-15
"AKCIA16-0040";"BL00 akcia BORGES 16.03. - 22.03.2016";2016-02-22;2016-03-29;2016-02-15
"AKCIA16-0041";"BL00 CLUB akcia LIMENITA 01.03. - 31.03.2016";2016-02-26;2016-03-31;2016-02-15
"AKCIA16-0042";"MT00 post c.16207 APPEL 09.03. - 22.03.2016";2016-02-25;2016-03-22;2016-02-15
"AKCIA16-0045";"BL00 CLUB akcia APPEL, OCOT 01.04. - 30.04.2016";2016-03-07;2016-04-30;2016-03-02
"AKCIA16-0046";"KF00 akcia SOS 12.05. - 18.05.2016";2016-04-25;2016-05-18;2016-03-02
"AKCIA16-0047";"MT00 post c.16148 COOLDIST 23.03. - 19.04.2016";2016-03-10;2016-04-19;2016-03-03
"AKCIA16-0048";"BL00 akcia SOS 06.04. - 12.04.2016";2016-03-14;2016-04-12;2016-03-03
"AKCIA16-0049";"CP00 N.ZÁMKY víkend 10 CALVO 11.03. - 13.03.2016";2016-03-02;2016-03-13;2016-03-07
"AKCIA16-0050";"CB00 c.3/16 LIMENITA 10.03. - 09.04.2016";2016-03-01;2016-04-09;2016-03-07
"AKCIA16-0051";"BL00 akcia BORGES 13.04. - 19.04.2016";2016-03-21;2016-04-19;2016-03-09
"AKCIA16-0052";"CP00 N.ZÁMKY DNC GULLÓN 01.03. - 10.06.2016";2016-03-01;2016-06-10;2016-03-09
"AKCIA16-0053";"CP00 TRENCÍN akcia GULL,CALVO 08.04. - 21.04.2016";2016-03-24;2016-04-21;2016-03-22
"AKCIA16-0054";"KF00 akcia CALVO 14.04. - 20.04.2016";2016-03-28;2016-04-20;2016-03-17
"AKCIA16-0055";"KF00 akcia EVA 28.04. - 04.05.2016";2016-04-11;2016-05-04;2016-03-17
"AKCIA16-0056";"BL00 KW16+17 CROISSANT 13.04. - 26.04.2016";2016-03-28;2016-04-26;2016-03-17
"AKCIA16-0057";"BL00 DNC LIMENITA 21.03. - 03.04.2016";2016-03-21;2016-04-03;2016-03-22
"AKCIA16-0058";"BL00 akcia CALVO 3+1 20.04. - 26.04.2016";2016-03-28;2016-04-26;2016-03-22
"AKCIA16-0059";"TR00 akcia c.15 CALVO 14.04. - 20.04.2016";2016-03-28;2016-04-24;2016-03-22
"AKCIA16-0060";"CP00 D.STREDA akcia GULLÓN 14.04. - 27.04.2016";2016-03-31;2016-04-27;2016-04-07
"AKCIA16-0063";"CP00 GALANTA akcia CALVO 21.04. - 04.05.2016";2016-04-07;2016-05-04;2016-03-23
"AKCIA16-0064";"MT00 post c.16169 CALVO 20.04. - 03.05.2016";2016-04-07;2016-05-03;2016-03-29
"AKCIA16-0065";"CP00 SPM+TEMPO akcia c.16 BORG 21.04. - 27.04.2016";2016-04-04;2016-04-27;2016-03-29
"AKCIA16-0066";"CB00 akcia CALVO 22.04. - 03.05.2016";2016-04-04;2016-05-03;2016-03-30
"AKCIA16-0067";"CB00 MARKET DNC HUMMUS,GULLON 01.04. - 30.09.2016";2016-04-01;2016-12-31;2016-09-27
"AKCIA16-0068";"CP00 N.ZÁMKY víkend 14 FRAGATA 15.04. - 17.04.2016";2016-04-06;2016-04-17;2016-04-04
"AKCIA16-0069";"BL00 akcia IN-OUT QUINOA 01.05. - 31.08.2016";2016-04-18;2016-08-31;2016-04-04
"AKCIA16-0070";"CB00 VEREX akcia CALVO 21.04. - 04.05.2016";2016-04-07;2016-05-04;2016-04-14
"AKCIA16-0071";"MT00 post c.16166 BORGES 20.04. - 17.05.2016";2016-04-07;2016-05-17;2016-04-04
"AKCIA16-0073";"MT00 post c.1611 LIMENITA 04.05. - 17.05.2016";2016-05-01;2016-05-17;2016-04-08
"AKCIA16-0074";"MT00 post c.16211 SOS 1kg 04.05. - 17.05.2016";2016-04-21;2016-05-17;2016-04-12
"AKCIA16-0075";"CB00 SLOVAKIA DNC CALVO 12.05. - 31.12.2016";2016-04-17;2016-12-31;2016-10-28
"AKCIA16-0076";"BL00 akcia CALVO 4+2, BORGES 18.05. - 24.05.2016";2016-04-25;2016-05-24;2016-04-14
"AKCIA16-0077";"CP00 N.ZÁMKY DNC QUINOA 19.04. - 30.06.2016";2016-04-19;2016-06-30;2016-04-18
"AKCIA16-0079";"BL00 akcia SOS 25.05. - 31.05.2016";2016-05-02;2016-05-31;2016-04-21
"AKCIA16-0080";"BL00 CLUB akcia SOS 500g 01.05. - 31.05.2016";2016-04-11;2016-05-31;2016-04-25
"AKCIA16-0081";"BL00 CLUB akcia LIMENITA 01.05. - 31.05.2016";2016-04-29;2016-05-31;2016-04-25
"AKCIA16-0082";"BL00 CLUB akcia BORGES 01.06. - 30.06.2016";2016-05-09;2016-06-30;2016-04-27
"AKCIA16-0083";"CB00 c.105/51 CALVO 19.05. - 01.06.2016";2016-05-05;2016-06-01;2016-06-23
"AKCIA16-0084";"CB00 c.5/16 LIMENITA 10.05. - 09.06.2016";2016-05-01;2016-06-09;2016-04-28
"AKCIA16-0085";"BL00 KW22+23 CROISSANT 25.05. - 07.06.2016";2016-05-13;2016-05-31;2016-04-29
"AKCIA16-0086";"MT00 post c.16812 BORGES, GUL 18.05. - 31.05.2016";2016-05-05;2016-05-31;2016-04-29
"AKCIA16-0087";"MT00 post c.16712 CALVO 1kg 18.05. - 14.06.2016";2016-05-05;2016-06-14;2016-04-29
"AKCIA16-0090";"MT00 post c.16197 COOLDIST 01.06. - 28.06.2016";2016-05-19;2016-06-28;2016-05-09
"AKCIA16-0091";"CP00 SPM+TEMPO akcia c.22 SOS 02.06. - 08.06.2016";2016-05-16;2016-06-08;2016-05-09
"AKCIA16-0093";"CB00 akcia GULLÓN 20.05. - 31.05.2016";2016-05-10;2016-05-31;2016-05-10
"AKCIA16-0094";"BL00 CLUB akcia LIMENITA 01.06. - 31.07.2016";2016-05-23;2016-07-31;2016-06-22
"AKCIA16-0095";"CP00 SPM+TEMPO akcia c.24 BORG 16.06. - 22.06.2016";2016-05-30;2016-06-22;2016-05-20
"AKCIA16-0096";"BL00 akcia CALVO 22.06. - 28.06.2016";2016-05-30;2016-06-28;2016-05-23
"AKCIA16-0097";"MT00 post c.16814 CALVO 3x80g 15.06. - 28.06.2016";2016-06-02;2016-06-28;2016-05-23
"AKCIA16-0099";"BL00 CLUB akcia FRAGATA 01.07. - 31.07.2016";2016-06-06;2016-07-31;2016-05-23
"AKCIA16-0100";"CB00 MARKET c.108/56 CALVO,B 16.06. - 06.07.2016";2016-06-01;2016-07-06;2016-06-23
"AKCIA16-0101";"BL00 akcia BORGES 08.06. - 14.06.2016";2016-05-16;2016-06-14;2016-05-25
"AKCIA16-0102";"BL00 KW27 CROISSANT 29.06. - 05.07.2016";2016-06-13;2016-07-05;2016-05-26
"AKCIA16-0103";"CB00 VEREX c.103/59 SOS 16.06. - 06.07.2016";2016-06-01;2016-07-06;2016-06-23
"AKCIA16-0106";"MT00 post c.16815 BORGES 2l 29.06. - 12.07.2016";2016-06-16;2016-07-12;2016-06-07
"AKCIA16-0108";"CP00 N.ZÁMKY víkend 24 CALVO,F 17.06. - 19.06.2016";2016-06-08;2016-06-19;2016-06-13
"AKCIA16-0109";"BL00 akcia BORGES,CALVO 13.07. - 19.07.2016";2016-06-20;2016-07-19;2016-06-13
"AKCIA16-0110";"CP00 SPM+TEMPO akcia c.27 CALVO07.07. - 13.07.2016";2016-06-20;2016-07-13;2016-06-13
"AKCIA16-0112";"CB00 DNC LIMENITA 12.05. - 31.07.2016";2016-05-12;2016-07-31;2016-06-15
"AKCIA16-0113";"BL00 CLUB akcia LIMENITA 01.07. - 31.07.2016";2016-06-24;2016-07-31;2016-06-15
"AKCIA16-0114";"TR00 akcia c.28 CALVO 14.07. - 20.07.2016";2016-06-27;2016-07-20;2016-06-17
"AKCIA16-0115";"CP00 GALANTA akcia CALVO 14.07. - 27.07.2016";2016-06-28;2016-07-27;2016-06-17
"AKCIA16-0116";"BL00 akcia SOS 06.07. - 12.07.2016";2016-06-13;2016-07-12;2016-06-20
"AKCIA16-0117";"MT00 post c.16716 CALVO 1kg 13.07. - 09.08.2016";2016-06-30;2016-08-09;2016-06-21
"AKCIA16-0120";"BL00 akcia APPEL 27.07. - 02.08.2016";2016-07-04;2016-08-02;2016-06-22
"AKCIA16-0121";"TR00 DNC  LIMENITA 27.06. - 07.08.2016";2016-06-27;2016-08-07;2016-08-03
"AKCIA16-0122";"CB00 SLOVAKIA c.106/45 CALVO 11.07. - 31.07.2016";2016-06-27;2016-07-31;2016-06-23
"AKCIA16-0123";"BL00 CLUB akcia SARDINKY 01.08. - 31.08.2016";2016-07-11;2016-08-31;2016-06-24
"AKCIA16-0124";"TR00 DNC  SOS 500g 01.08. - 31.08.2016";2016-08-01;2016-08-31;2016-06-29
"AKCIA16-0126";"BL00 KW34+35 CROISSANT 17.08. - 30.08.2016";2016-08-01;2016-08-30;2016-06-30
"AKCIA16-0127";"CB00 akcia CALVO 22.07. - 02.08.2016";2016-07-04;2016-08-02;2016-07-06
"AKCIA16-0128";"CB00 c.105/.. CALVO 21.07. - 03.08.2016";2016-07-07;2016-08-03;2016-07-06
"AKCIA16-0129";"MT00 post c.16817 APPEL, SOS 27.07. - 09.08.2016";2016-07-14;2016-08-09;2016-07-06
"AKCIA16-0130";"BL00 akcia SOS,CALVO 10.08. - 16.08.2016";2016-07-18;2016-08-16;2016-07-08
"AKCIA16-0131";"BL00 akcia BORGES 17.08. - 23.08.2016";2016-07-25;2016-08-23;2016-07-08
"AKCIA16-0132";"MT00 post c.1617 LIMENITA 27.07. - 09.08.2016";2016-07-17;2016-08-09;2016-07-11
"AKCIA16-0133";"CP00 Galanta akcia CALVO pecen 11.08. - 24.08.2016";2016-07-26;2016-08-27;2016-08-01
"AKCIA16-0134";"KF00 akcia VIVE SOY 03.08. - 10.08.2016";2016-07-21;2016-08-10;2016-07-12
"AKCIA16-0135";"MT00 post c.16818 CALVO,BORGES10.08. - 23.08.2016";2016-07-28;2016-08-23;2016-07-19
"AKCIA16-0137";"MT00 post c.16718 SOS 5kg, BO 10.08. - 06.09.2016";2016-07-28;2016-09-06;2016-08-01
"AKCIA16-0140";"BL00 DNC LIMENITA 01.08. - 31.08.2016";2016-07-25;2016-08-31;2016-07-22
"AKCIA16-0141";"BL00 akcia IN-OUT QUINOA+GULL 01.09. - 31.12.2016";2016-08-15;2016-12-31;2016-08-01
"AKCIA16-0142";"CP00 SPM+TEMPO akcia c.33 BORGES 18.08. - 24.08.16";2016-08-01;2016-08-24;2016-08-01
"AKCIA16-0143";"CB00 VEREX c.103/58 CALVO 18.08. - 31.08.2016";2016-08-01;2016-08-31;2016-08-01
"AKCIA16-0144";"BL00 akcia SOS,CALVO 07.09. - 13.09.2016";2016-08-15;2016-09-13;2016-08-01
"AKCIA16-0145";"CP00 SPM+TEMPO akcia c.34 CALVO 25.08. - 31.08.16";2016-08-08;2016-08-31;2016-08-01
"AKCIA16-0146";"TR00 DNC  LIMENITA 08.08. - 31.08.2016";2016-08-08;2016-08-31;2016-08-03
"AKCIA16-0147";"CP00 Galanta akcia CALVO paté 25.08. - 07.09.2016";2016-08-09;2016-09-07;2016-08-09
"AKCIA16-0148";"CB00 MARKET HUMMUS,GULLON 18.08. - 31.08.2016";2016-08-01;2016-08-31;2016-08-09
"AKCIA16-0149";"BL00 KW39 CROISSANT 21.09. - 27.09.2016";2016-09-05;2016-09-27;2016-08-09
"AKCIA16-0150";"BL00 akcia BORGES 14.09. - 20.09.2016";2016-08-22;2016-09-20;2016-08-09
"AKCIA16-0151";"CP00 SPM+TEMPO akcia c.35 SOS 01.09. - 07.09.16";2016-08-15;2016-09-07;2016-08-12
"AKCIA16-0152";"BL00 CLUB akcia LIMENITA 01.09. - 30.09.2016";2016-08-31;2016-09-30;2016-08-16
"AKCIA16-0154";"TR00 akcia c.36 SOS 08.09. - 14.09.2016";2016-08-22;2016-09-14;2016-08-19
"AKCIA16-0155";"MT00 post c.16820 CALVO 3x80g 07.09. - 20.09.2016";2016-08-25;2016-09-20;2016-08-22
"AKCIA16-0156";"MT00 post c.16720 CALVO 1kg 07.09. - 04.10.2016";2016-08-25;2016-10-04;2016-08-22
"AKCIA16-0157";"BL00 CLUB akcia SOS 500g 01.09. - 30.09.2016";2016-08-08;2016-09-30;2016-08-23
"AKCIA16-0159";"CB00 MARKET c.108/64 CALVO,B 15.09. - 05.10.2016";2016-09-01;2016-10-05;2016-08-26
"AKCIA16-0160";"CB00 akcia CALVO paté 16.09. - 04.10.2016";2016-08-30;2016-10-04;2016-08-30
"AKCIA16-0161";"CB00 c.9/16 LIMENITA 10.09. - 09.10.2016";2016-09-01;2016-10-09;2016-08-31
"AKCIA16-0162";"MT00 post c.16221 BORGES 21.09. - 04.10.2016";2016-09-08;2016-10-04;2016-08-31
"AKCIA16-0163";"MT00 post c.16221 BORGES, SOS 05.10. - 18.10.2016";2016-09-22;2016-10-18;2016-08-31
"AKCIA16-0164";"DL00 akcia CALVO 08.09. - 21.09.2016";2016-09-05;2016-09-21;2016-09-06
"AKCIA16-0165";"BL00 akcia SOS 05.10. - 11.10.2016";2016-09-12;2016-10-11;2016-09-06
"AKCIA16-0166";"BL00 akcia CALVO 3+1 12.10. - 25.10.2016";2016-09-19;2016-10-25;2016-09-26
"AKCIA16-0169";"BL00 CLUB akcia LIMENITA 01.10. - 31.10.2016";2016-09-23;2016-10-31;2016-09-14
"AKCIA16-0170";"MT00 post c.16822 COOLDIST 05.10. - 18.10.2016";2016-09-22;2016-10-18;2016-09-14
"AKCIA16-0171";"TR00 akcia c.39 BORGES 29.09. - 05.10.16";2016-09-12;2016-10-05;2016-09-20
"AKCIA16-0173";"BL00 akcia BORGES 19.10. - 25.10.2016";2016-09-26;2016-10-25;2016-09-26
"AKCIA16-0174";"BL00 akcia SOS 02.11. - 08.11.2016";2016-10-10;2016-11-08;2016-09-26
"AKCIA16-0175";"CB00 akcia c.10 BORGES 20.10. - 02.11.2016";2016-10-13;2016-11-02;2016-09-26
"AKCIA16-0176";"BL00 CLUB akcia SOS 500g 01.11. - 30.11.2016";2016-10-10;2016-11-30;2016-09-27
"AKCIA16-0177";"CB00 akcia CALVO 3x80g 21.10. - 01.11.2016";2016-10-03;2016-11-01;2016-09-27
"AKCIA16-0178";"CB00 VEREX c.103/53 SOS, BORGES 20.10. - 02.11.2016";2016-10-05;2016-11-02;2016-09-30
"AKCIA16-0179";"DL00 akcia VALOR+LIMENITA 06.10. - 19.10.2016";2016-10-03;2016-10-19;2016-10-04
"AKCIA16-0180";"BL00 KW47+48 CROISSANT 16.11. - 29.11.2016";2016-10-31;2016-11-29;2016-10-04
"AKCIA16-0181";"BL00 akcia BORGES 09.11. - 15.11.2016";2016-10-17;2016-11-15;2016-10-04
"AKCIA16-0183";"BL00 akcia CALVO 16.11. - 22.11.2016";2016-10-24;2016-11-22;2016-10-11
"AKCIA16-0184";"TR00 DNC  LIMENITA 11.10. - 18.11.2016";2016-10-11;2016-11-18;2016-10-12
"AKCIA16-0185";"TR00 akcia c.45 HUMMUS 10.11. - 16.11.16";2016-10-31;2016-11-16;2016-10-12
"AKCIA16-0189";"'1600' DL00 akcia CALVO 20.10. - 02.11.2016";2016-10-17;2016-11-02;2016-11-29
"AKCIA16-0190";"'7000' BL00 CLUB LIMENITA 01.11. - 30.11.2016";2016-10-28;2016-11-30;2016-11-29
"AKCIA16-0191";"'6029' CP00 TRENCÍN CALVO 04.11. - 18.11.2016";2016-10-20;2016-11-18;2016-11-29
"AKCIA16-0193";"'6022' CP00 GALANTA CALVO 17.11. - 30.11.2016";2016-11-01;2016-11-30;2016-11-29
"AKCIA16-0194";"'1721' TR00 akcia c.47 CALVO 24.11. - 30.11.16";2016-11-07;2016-11-30;2017-01-19
"AKCIA16-0195";"'5901' MT00 16825 BORGES, SOS 16.11. - 29.11.2016";2016-11-03;2016-11-29;2016-11-29
"AKCIA16-0196";"'7000' BL00 CLUB OPTIMA 01.12. - 31.12.2016";2016-11-07;2016-12-31;2016-11-29
"AKCIA16-0197";"CP00 JLC DNC CALVO 20.10. - 31.12.2016";2016-10-20;2016-12-31;2016-10-25
"AKCIA16-0198";"TR00 DNC  LIMENITA 01.11. - 30.11.2016";2016-11-01;2016-11-30;2016-10-26
"AKCIA16-0199";"'7000' BL00 SOS 07.12. - 13.12.2016";2016-11-14;2016-12-13;2016-11-29
"AKCIA16-0200";"'7000' BL00 CALVO 6x80g 05.12. - 31.12.2016";2016-11-12;2016-12-31;2016-11-29
"AKCIA16-0201";"'0527' CB00 11/16 LIMENITA 10.11. - 09.12.2016";2016-11-02;2016-12-09;2017-03-07
"AKCIA16-0202";"CP00 SPM+TEMPO akcia c.46 SOS 17.11. - 23.11.16";2016-10-31;2016-11-23;2016-11-02
"AKCIA16-0203";"'1721' TR00 akcia DELI BORGES 01.12. - 31.12.16";2016-11-14;2016-12-31;2017-01-19
"AKCIA16-0204";"'5901' MT00 16326 COOLDIST 30.11. - 13.12.2016";2016-11-17;2016-12-13;2016-11-29
"AKCIA16-0205";"'5901' MT00 16826 CALVO,A,B,S 30.11. - 13.12.2016";2016-11-17;2016-12-13;2016-11-29
"AKCIA16-0207";"'1721' TR00 akcia c.48 LIMEN 01.12. - 07.12.2016";2016-11-24;2016-12-11;2017-01-19
"AKCIA16-0208";"'1479' CB00 105/49 CAL 17.11. - 30.11.2016";2016-11-03;2016-11-30;2016-11-29
"AKCIA16-0209";"'1143' CB00 VEREX 103/51 CALVO 01.12. - 14.12.2016";2016-11-14;2016-12-14;2016-11-29
"AKCIA16-0210";"'6017' CP00 N.ZÁMKYvík47 CALVO 25.11. - 27.11.2016";2016-11-16;2016-11-21;2016-11-29
"AKCIA16-0211";"'1721' TR00 akcia c.48 SOS 01.12. - 07.12.2016";2016-11-14;2016-12-07;2017-01-19
"AKCIA16-0212";"'1721' TR00 akcia DELI HUMM 01.12. - 31.12.2016";2016-11-21;2016-12-31;2017-01-19
"AKCIA16-0213";"'5901' MT00 16827 CALVO, BORG 14.12. - 31.12.2016";2016-12-01;2016-12-31;2016-11-29
"AKCIA16-0214";"'6022' CP00 GALANTA CALVO paté 15.12. - 06.01.2017";2016-11-29;2017-01-06;2016-11-29
"AKCIA16-0215";"CP00 SPM+TEMPO akcia c.50 BORGES 15.12. - 21.12.16";2016-11-28;2016-12-21;2016-11-21
"AKCIA16-0216";"'9000' BL00 KW53+01 CROISSANT 28.12. - 10.01.2017";2016-12-12;2017-01-10;2016-11-29
"AKCIA16-0217";"'7000' BL00 akcia BORGES 750 14.12. - 20.12.2016";2016-11-21;2016-12-20;2016-11-28
"AKCIA16-0218";"'1043' CB00 LIMENITA 16.12. - 31.12.2016";2016-12-01;2016-12-31;2016-11-29
"AKCIA16-0219";"'1600' DL00 CALVO pecen 19.12. - 31.12.2016";2016-12-12;2016-12-31;2016-12-06
"AKCIA17-0001";"'7000' BL00 club OPTIMA 01.01. - 31.01.2017";2016-12-12;2017-01-31;2016-11-29
"AKCIA17-0003";"'5901' MT0017102 AQUA DE COCO 02.01. - 24.01.2017";2016-12-12;2017-01-24;2016-12-01
"AKCIA17-0004";"'5901' MT00 17201 CALVO pecen 02.01. - 10.01.2017";2016-12-15;2017-01-10;2016-12-02
"AKCIA17-0007";"'5901' MT00 17802 CALVO, SOS 11.01. - 24.01.2017";2016-12-29;2017-01-24;2016-12-21
"AKCIA17-0008";"'7000' BL00 akcia SOS, CALVO 01.02. - 07.02.2017";2017-01-09;2017-02-07;2016-12-30
"AKCIA17-0009";"'7000' BL00 akcia CALVO 3x80g 08.02. - 14.02.2017";2017-01-16;2017-02-14;2016-12-30
"AKCIA17-0010";"'7000' BL00 club FRAGATA 01.02. - 28.02.2017";2017-01-09;2017-02-28;2016-12-30
"AKCIA17-0011";"'1600' DL00 CALVO 3x80g 18.01. - 25.01.2017";2017-01-09;2017-01-25;2017-01-06
"AKCIA17-0012";"'9000' BL00 KW09+10 CROISSANT 22.02. - 07.03.2017";2017-02-06;2017-03-07;2017-01-06
"AKCIA17-0013";"'1301' CB00 MARKET GULLON, BORG 16.01. - 01.02.2017";2017-01-09;2017-02-01;2017-01-09
"AKCIA17-0014";"'5901' MT00 17203 BORGES 500m 25.01. - 07.02.2017";2017-01-12;2017-02-07;2017-01-09
"AKCIA17-0015";"'7000' BL00 IN-OUT GULLON,GOY 01.02. - 30.04.2017";2017-01-09;2017-04-30;2018-03-09
"AKCIA17-0017";"'7000' BL00 akcia BORGES 500 25.01. - 31.01.2017";2017-01-02;2017-01-31;2017-01-10
"AKCIA17-0018";"'5901' MT00 17804 CALVO 3x80g 08.02. - 21.02.2017";2017-01-26;2017-02-21;2017-01-11
"AKCIA17-0020";"'1721' TR00 akcia c.06 HUMMUS 09.02. - 15.02.2017";2017-01-30;2017-02-17;2017-01-19
"AKCIA17-0021";"'6022' CP00 GALANTA CALVO 80g 02.02. - 15.02.2017";2017-01-17;2017-02-15;2017-01-12
"AKCIA17-0022";"'5901' MT00 17804 BORGES,SOS 08.02. - 21.02.2017";2017-01-26;2017-02-21;2017-01-24
"AKCIA17-0023";"'1721' TR00 akcia c.04 CALVO 26.01. - 01.02.2017";2017-01-13;2017-02-01;2017-01-19
"AKCIA17-0025";"'5901' MT00 17114 COOLDIST 08.02. - 04.04.2017";2017-01-26;2017-04-04;2017-01-16
"AKCIA17-0027";"'1721' TR00 brand CALVO 16.02.- 15.03.2017";2017-01-30;2017-03-15;2017-01-19
"AKCIA17-0028";"'1721' TR00 akcia c.06 BORGES, 09.02.- 15.02.2017";2017-01-23;2017-02-15;2017-01-25
"AKCIA17-0029";"'7000' BL00 akcia BORGES 750 15.02. - 21.02.2017";2017-01-23;2017-02-21;2017-01-30
"AKCIA17-0030";"'7000' BL00 akcia CALVO 3+1 08.03. - 14.03.2017";2017-02-16;2017-03-14;2017-01-31
"AKCIA17-0031";"'1721' TR00 akcia c.07 BORGES 16.02.- 22.02.2017";2017-01-30;2017-02-22;2017-01-31
"AKCIA17-0032";"'5901' MT00 17805 BORGES,APPE 22.02. - 07.03.2017";2017-02-09;2017-03-07;2017-01-31
"AKCIA17-0033";"'5901' MT00 17705 CALVO 1kg 22.02. - 21.03.2017";2017-02-09;2017-03-21;2017-01-31
"AKCIA17-0034";"'7000' BL00 akcia BORGES 500 15.03. - 21.03.2017";2017-02-20;2017-03-21;2017-01-31
"AKCIA17-0035";"'7000' BL00 akcia QUINOA 17.04. - 14.05.2017";2017-03-27;2017-05-14;2017-02-01
"AKCIA17-0037";"'1600' DL00 CALVO 3x80g 17.02. - 26.02.2017";2017-02-08;2017-02-26;2017-02-08
"AKCIA17-0038";"'7000' BL00 CLUB LIMENITA 01.03. - 31.03.2017";2017-02-24;2017-03-31;2017-02-08
"AKCIA17-0039";"'1969' CB00 SLOVAKIA 106/ CALVO 06.03. - 26.03.2017";2017-02-09;2017-03-26;2017-03-09
"AKCIA17-0040";"'6000' CP00 akcia c.10 BORGES 09.03. - 15.03.2017";2017-02-20;2017-03-15;2017-02-10
"AKCIA17-0041";"'6017' CP00 NITRA vik SOS 500g 03.03. - 05.03.2017";2017-02-20;2017-03-05;2017-02-10
"AKCIA17-0044";"'6022' CP00 D.STREDA CALVO 80g 09.03. - 22.03.2017";2017-02-23;2017-03-22;2017-02-27
"AKCIA17-0045";"'1721' TR00 akcia c.11 HUMMUS 16.03.- 22.03.2017";2017-03-06;2017-03-24;2017-02-27
"AKCIA17-0046";"'1721' TR00 akcia c.10 CALVO 09.03.- 15.03.2017";2017-02-21;2017-03-15;2017-02-27
"AKCIA17-0047";"'1043' CB00 109/42 CALVO 17.03.- 04.04.2017";2017-02-27;2017-04-04;2017-02-27
"AKCIA17-0048";"'5901' MT00 17807 SOS 1kg 22.03. - 04.04.2017";2017-03-09;2017-04-04;2017-02-27
"AKCIA17-0049";"'5901' MT00 17707 SOS 5kg 22.03. - 18.04.2017";2017-03-09;2017-04-18;2017-02-27
"AKCIA17-0050";"'7000' BL00 club FRAGATA 01.04. - 30.04.2017";2017-03-13;2017-04-30;2017-02-27
"AKCIA17-0051";"'7000' BL00 akcia SOS 1kg 05.04. - 11.04.2017";2017-03-13;2017-04-11;2017-02-27
"AKCIA17-0052";"'1143' CB00 VEREX 103/54 CALVO 16.02. - 01.03.2017";2017-02-01;2017-03-01;2017-03-07
"AKCIA17-0053";"'0527' CB00 03/17  LIMENITA 10.03. - 09.04.2017";2017-03-03;2017-04-09;2017-03-07
"AKCIA17-0054";"'1479' CB00 105/60 CAL 16.03. - 05.04.2017";2017-03-02;2017-04-05;2017-04-19
"AKCIA17-0055";"'6003' CP00 N.Zám vik CALVO S 17.03. - 19.03.2017";2017-03-08;2017-03-19;2017-03-07
"AKCIA17-0056";"'7000' BL00 akcia CALVO 3x80g 12.04. - 18.04.2017";2017-03-20;2017-04-18;2017-03-07
"AKCIA17-0057";"'9000' BL00 KW15+16 CROISSANT 05.04. - 18.04.2017";2017-03-13;2017-04-18;2017-03-08
"AKCIA17-0058";"'1721' TR00 akcia c.11 LIMENITA16.03.- 22.03.2017";2017-03-06;2017-03-26;2017-03-13
"AKCIA17-0059";"'1721' TR00 akcia c.13 SOS 1kg 30.03.- 05.04.2017";2017-03-13;2017-04-05;2017-03-13
"AKCIA17-0060";"'5901' MT00 17808 CALVO 6x80g 05.04. - 18.04.2017";2017-03-23;2017-04-18;2017-03-13
"AKCIA17-0061";"'5901' MT00 17808 BORGES 05.04. - 18.04.2017";2017-03-23;2017-04-18;2017-03-22
"AKCIA17-0062";"'5901' MT00 17150 BORGES 05.04. - 02.05.2017";2017-03-23;2017-05-02;2017-03-22
"AKCIA17-0064";"'1600' DL00 CALVO 80g 27.03. - 13.04.2017";2017-03-22;2017-04-13;2017-03-23
"AKCIA17-0065";"'1721' TR00 akcia c.15 BORGES 13.04.- 19.04.2017";2017-03-27;2017-04-19;2017-03-23
"AKCIA17-0066";"'1721' TR00 akcia c.16 CALVO 20.04.- 26.04.2017";2017-04-03;2017-04-26;2017-03-23
"AKCIA17-0068";"'7000' BL00 club SOS 500g 01.05. - 31.05.2017";2017-04-10;2017-05-31;2017-03-27
"AKCIA17-0069";"'1043' CB00 109/49 SOS 1kg21.04.- 02.05.2017";2017-04-03;2017-05-02;2017-03-27
"AKCIA17-0070";"'6000' CP00 akcia c.16 SOS 1kg 20.04. - 26.04.2017";2017-04-03;2017-04-26;2017-03-28
"AKCIA17-0071";"'5901' MT00 17161 BORGES 19.04. - 16.05.2017";2017-05-03;2017-05-16;2017-03-29
"AKCIA17-0072";"'5901' MT00 17209 CALVO 19.04. - 02.05.2017";2017-04-06;2017-05-02;2017-03-29
"AKCIA17-0073";"'0527' CB00 04/17  SOS 1kg 10.04. - 09.05.2017";2017-04-01;2017-05-10;2017-03-30
"AKCIA17-0074";"'1721' TR00 akcia c.15 LIM,HUM 13.04.- 19.04.2017";2017-04-03;2017-04-23;2017-04-04
"AKCIA17-0075";"'5901' MT00 17161 CALVO,LUNA19.04. - 16.05.2017";2017-04-06;2017-05-16;2017-04-05
"AKCIA17-0076";"'7000' BL00 IN-OUT GULLON 01.05. - 31.08.2017";2017-04-10;2017-08-31;2017-03-31
"AKCIA17-0077";"'1143' CB00 VEREX 103/54 CALVO 13.04. - 03.05.2017";2017-03-30;2017-05-03;2017-04-05
"AKCIA17-0078";"'1479' CB00 105/47 SOS 20.04. - 03.05.2017";2017-04-06;2017-05-03;2017-04-19
"AKCIA17-0079";"'7000' BL00 akcia BORGES 750ml17.05. - 23.05.2017";2017-04-24;2017-05-23;2017-04-10
"AKCIA17-0080";"'1600' DL00 LIMENITA 25.04. - 14.05.2017";2017-04-19;2017-05-14;2017-04-11
"AKCIA17-0081";"'1721' TR00 akcia c.19 CALVO 11.05.- 17.05.2017";2017-04-24;2017-05-17;2017-04-18
"AKCIA17-0082";"'1721' TR00 akcia c.28 CALVO 13.07.- 19.07.2017";2017-07-06;2017-07-19;2017-06-07
"AKCIA17-0083";"'1721' TR00 akcia c.21 HUMMUS 18.05.- 24.05.2017";2017-05-08;2017-05-24;2017-04-19
"AKCIA17-0084";"'7000' BL00 akcia SOS 1kg 24.05. - 30.05.2017";2017-05-01;2017-05-30;2017-04-19
"AKCIA17-0085";"'6017' CP00 NITRA c.5 CALVO 28.04. - 30.04.2017";2017-04-17;2017-04-30;2017-04-19
"AKCIA17-0088";"'1721' TR00 akcia c.20 QUINOA 18.05.- 24.05.2017";2017-05-01;2017-05-24;2017-05-03
"AKCIA17-0089";"'1721' TR00 akcia c.18 LIMENITA04.05.- 10.05.2017";2017-04-24;2017-05-14;2017-04-24
"AKCIA17-0090";"'7000' BL00 club QUINOA, OCTY 01.06. - 30.06.2017";2017-05-08;2017-06-30;2017-04-24
"AKCIA17-0091";"'7000' BL00 akcia CALVO 3+1 10.05. - 16.05.2017";2017-04-24;2017-05-16;2017-04-24
"AKCIA17-0092";"'7000' BL00 kat.GRIL BORGES 09.05. - 29.05.2017";2017-04-24;2017-05-29;2017-04-24
"AKCIA17-0093";"'1043' CB00 109/49 CALVO 19.05. - 30.05.2017";2017-05-02;2017-05-30;2017-04-26
"AKCIA17-0094";"'6029' CP00 TRENCÍN CALVO 11.05. - 24.05.2017";2017-04-26;2017-05-24;2017-04-25
"AKCIA17-0095";"'7000' BL00 akcia SOS 1kg 07.06. - 13.06.2017";2017-05-15;2017-06-13;2017-04-25
"AKCIA17-0096";"'1301' CB00 MARKET 108/56 SOS 18.05. - 31.05.2017";2017-05-03;2017-05-31;2017-04-26
"AKCIA17-0097";"'5901' MT00 17711 SOS 1kg 17.05. - 13.06.2017";2017-05-04;2017-06-13;2017-04-27
"AKCIA17-0098";"'5901' MT00 17811 BORGES 2l 17.05. - 30.05.2017";2017-05-04;2017-05-30;2017-04-27
"AKCIA17-0099";"'5901' MT00 17211 QUINOA 17.05. - 30.05.2017";2017-05-04;2017-05-30;2017-04-27
"AKCIA17-0100";"'1721' TR00 akcia c.21 BORGES 25.05.- 31.05.2017";2017-05-08;2017-05-31;2017-04-28
"AKCIA17-0101";"'1143' CB00 VEREX 103/56 SOS 18.05. - 31.05.2017";2017-05-03;2017-05-31;2017-05-02
"AKCIA17-0104";"'7000' BL00 akcia BORGES 500ml14.06. - 20.06.2017";2017-05-22;2017-06-20;2017-05-02
"AKCIA17-0106";"'7000' BL00 akcia CALVO 3x80g 21.06. - 27.06.2017";2017-05-29;2017-06-27;2017-05-04
"AKCIA17-0109";"'5901' MT00 17195 COOLDIST 31.05. - 27.06.2017";2017-05-18;2017-06-27;2017-05-09
"AKCIA17-0110";"'1721' TR00 akcia c.22 SOS 1kg 01.06.- 07.06.2017";2017-05-15;2017-06-07;2017-05-09
"AKCIA17-0113";"'1479' CB00 LIMENITA 18.06. - 05.07.2017";2017-06-01;2017-07-05;2017-05-25
"AKCIA17-0114";"'1721' TR00 akcia c.23 QUINOA 08.06.- 14.06.2017";2017-05-25;2017-06-14;2017-05-10
"AKCIA17-0116";"'6022' CP00 GA, DS CALVO3x80g 08.06. - 21.06.2017";2017-05-23;2017-06-21;2017-05-16
"AKCIA17-0117";"'1721' TR00 akcia c.23 CALVO 08.06.- 21.06.2017";2017-05-22;2017-06-21;2017-05-15
"AKCIA17-0118";"'9000' BL00 KW25+26 CROISSANT 14.06. - 27.06.2017";2017-05-29;2017-06-27;2017-05-18
"AKCIA17-0119";"'7000' BL00 CALVO 6x80g 05.06. - 02.07.2017";2017-05-15;2017-07-02;2017-05-15
"AKCIA17-0120";"'1301' CB00 MARKET 108/56 CALVO 05.06. - 05.07.2017";2017-05-16;2017-07-05;2017-05-16
"AKCIA17-0121";"'5901' MT00 17813 GOYA 14.06. - 27.06.2017";2017-06-01;2017-06-27;2017-05-19
"AKCIA17-0123";"'1969' CB00 SLOVAKIA 106/ CALVO 08.05. - 28.05.2017";2017-04-24;2017-05-28;2017-05-17
"AKCIA17-0124";"'5901' MT00 17813 CALVO 14.06. - 27.06.2017";2017-06-01;2017-06-27;2017-05-23
"AKCIA17-0125";"'5901' MT00 17213 CALVO 14.06. - 27.06.2017";2017-05-01;2017-05-27;2017-05-23
"AKCIA17-0126";"'5901' MT00 17713 CALVO 14.06. - 11.07.2017";2017-06-01;2017-07-11;2017-05-23
"AKCIA17-0128";"'1721' TR00 akcia c.23 LIMENITA08.06.- 14.06.2017";2017-05-29;2017-06-18;2017-06-22
"AKCIA17-0129";"'1143' CB00 VEREX 103/60 CALVO 15.06. - 05.07.2017";2017-05-29;2017-07-05;2017-05-29
"AKCIA17-0130";"'7000' BL00 akcia SOS 1kg 05.07. - 11.07.2017";2017-06-12;2017-07-11;2017-05-29
"AKCIA17-0131";"'7000' BL00 CLUB LIMENITA 01.06. - 30.06.2017";2017-06-01;2017-06-30;2017-05-29
"AKCIA17-0132";"'1600' DL00 LIMENITA 11.06. - 18.06.2017";2017-05-31;2017-06-18;2017-05-29
"AKCIA17-0133";"'5901' MT00 17313 EL PASOR 14.06. - 27.06.2017";2017-06-01;2017-06-27;2017-05-30
"AKCIA17-0134";"'6000' CP00 akcia c.25 SOS 1kg 22.06. - 28.06.2017";2017-06-05;2017-06-28;2017-05-30
"AKCIA17-0135";"'1043' CB00 109/47 CALVO 16.06. - 04.07.2017";2017-06-01;2017-07-04;2017-05-30
"AKCIA17-0137";"'1721' TR00 akcia c.26 CALVO 29.06.- 05.07.2017";2017-06-12;2017-07-05;2017-06-07
"AKCIA17-0138";"'5901' MT00 17814 SOS 1kg 28.06. - 11.07.2017";2017-06-15;2017-07-11;2017-06-13
"AKCIA17-0139";"'7000' BL00 club FRAGATA 01.07. - 31.07.2017";2017-06-12;2017-07-31;2017-06-13
"AKCIA17-0141";"'5901' MT00 17214 APPEL 28.06. - 11.07.2017";2017-06-15;2017-07-11;2017-06-13
"AKCIA17-0142";"'7000' BL00 akcia BORGES 500ml19.07. - 25.07.2017";2017-06-26;2017-07-25;2017-06-13
"AKCIA17-0144";"'6000' CP00 akcia c.28 BORGES 13.07. - 19.07.2017";2017-06-26;2017-07-19;2017-06-20
"AKCIA17-0145";"'9000' BL00 KW33+34 CROISSANT 09.08. - 22.08.2017";2017-07-27;2017-08-22;2017-06-21
"AKCIA17-0146";"'1721' TR00 akcia c.28 BORGES 13.07.- 19.07.2017";2017-06-26;2017-07-19;2017-06-22
"AKCIA17-0147";"'1721' TR00 akcia c.27 LIMENITA06.07.- 12.07.2017";2017-06-26;2017-07-16;2017-06-22
"AKCIA17-0148";"'5901' MT00 17816 SOS 1kg 26.07. - 08.08.2017";2017-07-13;2017-08-08;2017-06-27
"AKCIA17-0149";"'7000' BL00 CLUB LIMENITA 01.07. - 31.07.2017";2017-06-23;2017-07-31;2017-06-27
"AKCIA17-0150";"'7000' BL00 CLUB SARDINKY 01.08. - 31.08.2017";2017-07-10;2017-08-31;2017-06-27
"AKCIA17-0151";"'1721' TR00 akcia c.33 HUMMUS 17.08.- 23.08.2017";2017-08-07;2017-08-23;2017-06-28
"AKCIA17-0152";"'1600' DL00 akcia CALVO 02.07. - 16.07.2017";2017-06-28;2017-07-16;2017-06-29
"AKCIA17-0153";"'7000' BL00 akcia SOS, CALVO 09.08. - 15.08.2017";2017-07-17;2017-08-15;2017-06-29
"AKCIA17-0154";"'0527' CB00 07/17 LIMENITA 10.07. - 09.08.2017";2017-07-03;2017-08-09;2017-07-03
"AKCIA17-0155";"'6000' CP00 akcia c.29 CALVO,F 20.07. - 26.07.2017";2017-07-03;2017-07-26;2017-07-03
"AKCIA17-0156";"'6000' CP00 akcia c.30 SOS 27.07. - 02.08.2017";2017-07-10;2017-08-02;2017-07-03
"AKCIA17-0157";"'1479' CB00 BORGES 20.07. - 02.08.2017";2017-07-06;2017-08-02;2017-07-03
"AKCIA17-0158";"'6017' CP00 NITRA c.11 CALVO 20.07. - 23.07.2017";2017-07-10;2017-07-23;2018-03-09
"AKCIA17-0159";"'5901' MT00 17717 SOS,BORGES 09.08. - 05.09.2017";2017-07-27;2017-09-05;2017-07-04
"AKCIA17-0161";"'6017' CP00 N.ZÁMKY c.28 CALVO 14.07. - 16.07.2017";2017-07-04;2017-07-16;2018-03-09
"AKCIA17-0162";"'1969' CB00 SLOVAKIA 106/ CALVO 10.07. - 30.07.2017";2017-07-01;2017-07-30;2017-07-12
"AKCIA17-0163";"'7000' BL00 akcia CALVO 23.08. - 29.08.2017";2017-07-31;2017-08-29;2017-07-12
"AKCIA17-0169";"'5901' MT00 17442 SOS,BORGES, 09.08. - 05.09.2017";2017-07-27;2017-09-05;2017-07-18
"AKCIA17-0170";"'5901' MT00 17817 CALVO 6x80g 09.08. - 22.08.2017";2017-07-27;2017-08-22;2017-07-18
"AKCIA17-0174";"'5901' MT00 17818 QUINOA 23.08. - 05.09.2017";2017-08-10;2017-09-05;2017-08-08
"AKCIA17-0175";"'1600' DL00 akcia HUMMUS 08.08. - 20.08.2017";2017-07-26;2017-08-20;2018-03-09
"AKCIA17-0176";"'7000' BL00 akcia CALVO 06.09. - 12.09.2017";2017-08-14;2017-09-12;2017-07-24
"AKCIA17-0177";"'7000' BL00 akcia BORGES 500ml13.09. - 19.09.2017";2017-08-21;2017-09-19;2017-07-27
"AKCIA17-0178";"'1721' TR00 akcia c.31 LIMENITA03.08.- 09.08.2017";2017-07-24;2017-08-13;2017-07-27
"AKCIA17-0179";"'1043' CB00 CALVO, LIMEN 18.08. - 05.09.2017";2017-07-31;2017-09-05;2017-07-27
"AKCIA17-0180";"'6017' CP00 NITRA c.13 CALVO 17.08. - 20.08.2017";2017-08-07;2017-08-20;2018-03-09
"AKCIA17-0181";"'7000' BL00 CLUB LIMENITA 01.09. - 30.09.2017";2017-08-25;2017-09-30;2017-08-04
"AKCIA17-0182";"'1721' TR00 akcia c.34 SOS 1kg 24.08.- 30.08.2017";2017-08-07;2017-08-30;2017-08-07
"AKCIA17-0183";"'1721' TR00 akcia c.35 CALVO 31.08.- 06.09.2017";2017-08-14;2017-09-06;2017-08-07
"AKCIA17-0184";"'1600' DL00 akcia CALVO 29.08. - 10.09.2017";2017-08-22;2017-09-10;2018-03-09
"AKCIA17-0186";"'5901' MT00 17819 Int.QUINOA 06.09. - 19.09.2017";2017-08-24;2017-09-19;2017-08-10
"AKCIA17-0187";"'5901' MT00 17719 BORGES 2l 06.09. - 03.10.2017";2017-08-24;2017-10-03;2017-08-10
"AKCIA17-0188";"'1301' CB00 MARKET CALVO,BORGES 01.09. - 31.09.2017";2017-08-10;2017-10-04;2017-09-11
"AKCIA17-0189";"'9000' BL00 KW39+40 TRIANGULO 17.09. - 03.10.2017";2017-09-04;2017-10-03;2017-08-11
"AKCIA17-0190";"'9000' BL00 KW41+42 CROISSANT 24.09. - 17.10.2017";2017-09-11;2017-10-17;2017-08-11
"AKCIA17-0191";"'7000' BL00 akcia BORGES 1L 25.09. - 22.10.2017";2017-09-04;2017-10-22;2017-08-11
"AKCIA17-0192";"'7000' BL00 CLUB SOS,GULLON 01.09. - 30.09.2017";2017-08-14;2017-09-30;2017-08-11
"AKCIA17-0193";"'5901' MT00 17819 CALVO 06.09. - 19.09.2017";2017-08-24;2017-09-19;2017-08-11
"AKCIA17-0194";"'6028' CP00 Prievidza LIMENITA 20.07. - 02.08.2017";2017-07-03;2017-08-02;2017-08-11
"AKCIA17-0195";"'7000' BL00 IN-OUT GULLON 01.09. - 31.12.2017";2017-08-14;2017-12-31;2017-08-15
"AKCIA17-0196";"'7000' BL00 vík LIMENITA 18.08. - 20.08.2017";2017-08-18;2017-08-20;2017-08-23
"AKCIA17-0199";"'6022' CP00 GALANTA CALVO 80g 14.09. - 27.09.2017";2017-08-28;2017-09-27;2017-08-21
"AKCIA17-0200";"'1143' CB00 VEREX 103/57 SOS,BOR17.08. - 06.09.2017";2017-08-03;2017-09-06;2017-08-23
"AKCIA17-0201";"'1721' TR00 akcia c.36 LIMENITA07.09.- 13.09.2017";2017-08-28;2017-09-17;2017-08-23
"AKCIA17-0203";"'7000' BL00 CLUB FRAGATA 01.10. - 31.10.2017";2017-09-11;2017-10-31;2017-08-24
"AKCIA17-0204";"'1721' TR00 akcia c.39 HUMMUS 28.09.- 04.10.2017";2017-09-18;2017-10-04;2017-08-25
"AKCIA17-0205";"'1721' TR00 akcia c.38 COUSCOUS21.09.- 27.09.2017";2017-09-04;2017-09-27;2017-08-25
"AKCIA17-0206";"'7000' BL00 akcia SOS 1kg 04.10. - 10.10.2017";2017-09-11;2017-10-10;2017-08-25
"AKCIA17-0207";"'1043' CB00 CALVO 3x80g 22.09. - 03.10.2017";2017-09-04;2017-10-03;2017-09-04
"AKCIA17-0208";"'1721' TR00 akcia c.39 BORGES 28.09.- 04.10.2017";2017-09-11;2017-10-04;2017-09-04
"AKCIA17-0211";"'5901' MT00 17821 SOS 04.10. - 17.10.2017";2017-09-21;2017-10-17;2017-09-11
"AKCIA17-0212";"'5901' MT00 17721 CALVO 04.10. - 31.10.2017";2017-09-21;2017-10-31;2017-09-11
"AKCIA17-0216";"'5901' MT00 17822 GOYA 18.10. - 31.10.2017";2017-10-08;2017-10-31;2017-09-21
"AKCIA17-0217";"'5901' MT00 17222 APPEL 18.10. - 31.10.2017";2017-10-08;2017-10-31;2017-09-21
"AKCIA17-0218";"'1721' TR00 akcia c.40 LIMENITA05.10.- 11.10.2017";2017-09-25;2017-10-15;2017-09-21
"AKCIA17-0219";"'1721' TR00 akcia c.42 CALVO 19.10.- 25.10.2017";2017-10-02;2017-10-25;2017-09-21
"AKCIA17-0220";"'1721' TR00 akcia c.42 SOS 1kg 19.10.- 25.10.2017";2017-10-02;2017-10-25;2017-09-21
"AKCIA17-0221";"'7000' BL00 CLUB SOS 02.11. - 30.11.2017";2017-10-09;2017-11-30;2017-09-22
"AKCIA17-0222";"'9000' BL00 KW46+47 TRIANGULO 08.11. - 21.11.2017";2017-10-23;2017-11-21;2017-09-25
"AKCIA17-0223";"'9000' BL00 KW47+49 CROISSANT 15.11. - 05.12.2017";2017-10-30;2017-12-05;2017-09-25
"AKCIA17-0224";"'6000' CP00 akcia c.41 CALVO 12.10. - 18.10.2017";2017-09-25;2017-10-18;2017-09-25
"AKCIA17-0226";"'1043' CB00 BORGES, LIM 20.10. - 31.10.2017";2017-10-06;2017-10-31;2017-09-26
"AKCIA17-0227";"'7000' BL00 CLUB LIMENITA 01.10. - 31.10.2017";2017-09-22;2017-10-31;2017-09-27
"AKCIA17-0230";"'1600' DL00 LIMENITA 17.10. - 29.10.2017";2017-10-08;2017-10-29;2017-10-02
"AKCIA17-0232";"'7000' BL00 akcia CALVO, BORG 15.11. - 21.11.2017";2017-10-23;2017-11-21;2017-10-03
"AKCIA17-0233";"'1969' CB00 SLOVAKIA CALVO 80g 02.10. - 22.10.2017";2017-09-18;2017-10-22;2017-10-04
"AKCIA17-0234";"'5901' MT00 17723 CALVO 01.11. - 14.11.2017";2017-10-19;2017-11-14;2017-10-05
"AKCIA17-0235";"'1143' CB00 VEREX 103/54 CALVO 19.10. - 01.11.2017";2017-10-06;2017-11-01;2017-10-06
"AKCIA17-0236";"'6017' CP00 NITRA c.18 BORGES 26.10. - 29.10.2017";2017-10-11;2017-10-29;2017-10-06
"AKCIA17-0238";"'5901' MT00 17823 QUINOA 01.11. - 14.11.2017";2017-10-19;2017-11-14;2017-10-11
"AKCIA17-0239";"'6022' CP00 D.STREDA SOS 500g 09.11. - 22.11.2017";2017-10-18;2017-11-22;2017-10-18
"AKCIA17-0240";"'0527' CB00 09/17 LIMENITA 10.09. - 09.10.2017";2017-09-01;2017-10-09;2017-10-11
"AKCIA17-0242";"'1301' CB00 MARKET CALVO, SOS 19.10. - 01.11.2017";2017-10-02;2017-11-01;2017-10-12
"AKCIA17-0243";"'1721' TR00 DNC stojany CALVO 02.10.- 31.10.2017";2017-09-19;2017-10-31;2017-10-16
"AKCIA17-0244";"'1721' TR00 akcia c.43 BORGES 26.10.- 01.11.2017";2017-10-09;2017-11-01;2017-10-16
"AKCIA17-0245";"'1721' TR00 akcia c.42 HUMMUS 19.10.- 25.10.2017";2017-10-02;2017-10-25;2017-10-17
"AKCIA17-0246";"'1721' TR00 akcia c.45 LIMENITA09.11.- 15.11.2017";2017-10-30;2017-11-19;2017-10-18
"AKCIA17-0247";"'1721' TR00 akcia c.46 CALVO 16.11.- 22.11.2017";2017-10-30;2017-11-22;2017-10-18
"AKCIA17-0249";"'5901' MT00 17224 CALVO pecen 15.11. - 28.11.2017";2017-11-02;2017-11-28;2017-10-23
"AKCIA17-0251";"'1043' CB00 CALVO, SOS 16.11. - 29.11.2017";2017-10-30;2017-11-29;2017-10-24
"AKCIA17-0252";"'1721' TR00 akcia c.47 SOS 1kg 23.11.- 29.11.2017";2017-11-06;2017-11-29;2017-10-25
"AKCIA17-0253";"'1721' TR00 akcia c.49 HUMMUS 07.12.- 13.12.2017";2017-11-20;2017-12-13;2017-10-26
"AKCIA17-0254";"'7000' BL00 CLUB SOS 01.12. - 31.12.2017";2017-11-06;2017-12-31;2017-10-27
"AKCIA17-0255";"'7000' BL00 akcia SOS 06.12. - 12.12.2017";2017-11-13;2017-12-12;2017-10-27
"AKCIA17-0256";"'7000' BL00 akcia BORGES 13.12. - 19.12.2017";2017-11-20;2017-12-19;2017-10-27
"AKCIA17-0259";"'1600' DL00 CALVO 80g 14.11. - 26.11.2017";2017-11-03;2017-11-26;2017-11-02
"AKCIA17-0260";"'5901' MT00 17225 CALVO,B,SOS 29.11. - 31.12.2017";2017-11-16;2017-12-31;2017-11-07
"AKCIA17-0261";"'1721' TR00 akcia c.48 BORGES 30.11.- 06.12.2017";2017-11-13;2017-12-06;2017-11-07
"AKCIA17-0263";"'6000' CP00 akcia c.49 CALVO 07.12. - 13.12.2017";2017-11-20;2017-12-13;2017-11-13
"AKCIA17-0264";"'6000' CP00 akcia c.50 BORGES, 14.12. - 20.12.2017";2017-11-27;2017-12-20;2017-11-13
"AKCIA17-0265";"'1721' TR00 akcia c.49 BORGES 07.12.- 13.12.2017";2017-11-01;2017-12-13;2017-11-15
"AKCIA17-0266";"'5901' MT00 17826 CALVO 6x80g 13.12. - 31.12.2017";2017-11-30;2017-12-31;2017-11-16
"AKCIA17-0267";"'5901' MT00 17826 BORGES, SOS 13.12. - 31.12.2017";2017-11-30;2017-12-31;2017-11-16
"AKCIA17-0268";"'1721' TR00 akcia c.49 LIMENITA07.12.- 13.12.2017";2017-11-27;2017-12-17;2017-11-20
"AKCIA17-0269";"'1043' CB00 FRAGATA,LIMEN15.12. - 31.12.2017";2017-11-27;2017-12-31;2017-11-22
"AKCIA17-0270";"'1721' TR00 akcia c.50 CALVO 14.12.- 20.12.2017";2017-11-27;2017-12-20;2017-11-22
"AKCIA17-0272";"'6000' CP00 akcia c.51 FRAGATA 21.12. - 31.12.2017";2017-12-04;2017-12-31;2017-11-27
"AKCIA17-0273";"'1600' DL00 LIMEÑITA 28.11. - 10.12.2017";2017-11-16;2017-12-10;2019-02-27
"AKCIA17-0275";"'1143' CB00 VEREX 103/109 FRAGAT15.12. - 31.12.2017";2017-11-29;2017-12-31;2017-11-30
"AKCIA17-0277";"'1969' CB00 SLOVAKIA CALVO 160g 04.12. - 31.12.2017";2017-11-20;2017-12-31;2017-12-11
"AKCIA17-0282";"'6028' CP00 Prievidza LIMEÑITA 21.12. - 31.12.2017";2017-12-04;2017-12-31;2019-02-27
"AKCIA18-0001";"'9000' BL00 KW02 CROISSANT, TR10.01. - 16.01.2018";2017-12-30;2018-01-16;2017-12-04
"AKCIA18-0002";"'7000' BL00 akcia CALVO 10.01. - 16.01.2018";2017-12-18;2017-12-31;2017-12-06
"AKCIA18-0003";"'7000' BL00 akcia CALVO 10.01. - 16.01.2018";2018-01-01;2018-01-16;2017-12-06
"AKCIA18-0004";"'5901' MT00 18103 AQUA DE COCO03.01. - 06.02.2018";2017-12-21;2018-02-06;2017-12-12
"AKCIA18-0005";"'7000' BL00 CLUB LIMEÑITA 01.01. - 31.01.2018";2017-12-22;2018-01-31;2019-02-27
"AKCIA18-0006";"'6022' CP00 GALANTA CALVO 80g 18.01. - 31.01.2018";2018-01-02;2018-01-31;2017-12-18
"AKCIA18-0007";"'6000' CP00 akcia c.03 CALVO 18.01. - 24.01.2018";2018-01-02;2018-01-24;2017-12-18
"AKCIA18-0009";"'1721' TR00 akcia c.04 SOS 25.01.- 31.01.2018";2018-01-08;2018-01-31;2017-12-21
"AKCIA18-0010";"'1043' CB00 CALVO,LIMEÑI 19.01. - 30.01.2018";2017-12-29;2018-01-30;2019-02-27
"AKCIA18-0011";"'0527' CB00 01/18 SOS 1kg 10.01. - 09.02.2018";2018-01-02;2018-02-09;2018-01-02
"AKCIA18-0012";"'5901' MT00 18203 CALVO 3x80g 24.01. - 06.02.2018";2018-01-11;2018-02-20;2018-01-29
"AKCIA18-0013";"'5901' MT00 18803 AQUA DE COCO24.01. - 06.02.2018";2018-01-11;2018-02-06;2018-01-03
"AKCIA18-0014";"'5901' MT00 18803 BORGES 24.01. - 20.02.2018";2018-01-11;2018-02-20;2018-01-03
"AKCIA18-0015";"'5901' MT00 18803 GULLON 24.01. - 06.02.2018";2018-01-11;2018-02-06;2018-01-05
"AKCIA18-0016";"'1721' TR00 akcia c.05 CALVO 01.02.- 07.02.2018";2018-01-15;2018-02-07;2018-01-09
"AKCIA18-0017";"'7000' BL00 akcia BORGES 14.02. - 20.02.2018";2018-01-21;2018-02-20;2018-01-09
"AKCIA18-0018";"'1721' TR00 akcia c.07 HUMMUS 15.02.- 21.02.2018";2018-01-29;2018-02-21;2018-01-09
"AKCIA18-0021";"'9000' BL00 KW07+08 TRIANGULO 14.02. - 27.02.2018";2018-02-05;2018-03-06;2018-01-10
"AKCIA18-0022";"'9000' BL00 KW08+09 CROISANT 21.02. - 06.03.2018";2018-02-05;2018-03-06;2018-01-10
"AKCIA18-0024";"'5901' MT00 18804 SOS 1kg 07.02. - 20.02.2018";2018-01-25;2018-02-20;2018-01-12
"AKCIA18-0025";"'5901' MT00 1803 LIMEÑITA 24.01. - 06.02.2018";2018-01-17;2018-02-06;2019-02-27
"AKCIA18-0027";"'1721' TR00 akcia c.06 COUSCOU 08.02.- 14.02.2018";2018-01-22;2018-02-14;2018-01-15
"AKCIA18-0028";"'6000' CP00 akcia c.06 BORGES 08.02. - 14.02.2018";2018-01-22;2018-02-14;2018-01-15
"AKCIA18-0029";"'1721' TR00 akcia c.5 LIMEÑITA 22.1.- 11.2.2017";2018-01-22;2018-02-11;2019-02-27
"AKCIA18-0030";"'5901' MT00 18805 AQUA DE COCO21.02. - 06.03.2018";2018-02-08;2018-03-06;2018-01-23
"AKCIA18-0031";"'7000' BL00 CLUB LIMEÑITA 01.02. - 28.02.2018";2018-01-26;2018-02-28;2019-02-27
"AKCIA18-0032";"'7000' BL00 CLUB SOS 500g 01.03. - 31.03.2018";2018-02-05;2018-03-31;2018-01-26
"AKCIA18-0033";"'1143' CB00 VEREX 103/52 CALVO 15.02. - 28.02.2018";2018-01-30;2018-02-28;2018-01-26
"AKCIA18-0034";"'1043' CB00 CALVO,LIMEÑI 16.02. - 27.02.2018";2018-01-29;2018-02-27;2019-02-27
"AKCIA18-0035";"'1721' TR00 akcia c.08 CALVO 22.02.- 28.02.2018";2018-02-05;2018-02-28;2018-02-21
"AKCIA18-0036";"'1721' TR00 akcia c.08 BORGES 22.02.- 28.02.2018";2018-02-05;2018-02-28;2018-01-29
"AKCIA18-0037";"'1479' CB00 CALVO 15.02. - 28.02.2018";2018-02-01;2018-02-28;2018-01-29
"AKCIA18-0038";"'7000' BL00 akcia SOS 31.01. - 06.02.2018";2018-01-08;2018-02-06;2018-01-31
"AKCIA18-0039";"'0527' CB00 02/18 LIMEÑITA 10.02. - 09.03.2018";2018-02-01;2018-03-09;2019-02-27
"AKCIA18-0041";"'1721' TR00 akcia c.09 CALVO 01.03.- 07.03.2018";2018-02-12;2018-03-07;2018-02-02
"AKCIA18-0043";"'7000' BL00 akcia CALVO 14.03. - 20.03.2018";2018-02-19;2018-03-20;2018-02-02
"AKCIA18-0044";"'1301' CB00 MARKET CALVO, SOS 15.02. - 28.02.2018";2018-01-29;2018-02-28;2018-02-06
"AKCIA18-0045";"'5901' MT00 18705 CALVO 1kg 21.02. - 20.03.2018";2018-02-08;2018-03-20;2018-02-07
"AKCIA18-0046";"'7000' BL00 CLUB LIMEÑITA 01.03. - 31.03.2018";2018-02-23;2018-03-31;2019-02-27
"AKCIA18-0048";"'5901' MT00 18206 CALVO pecen 07.03. - 20.03.2018";2018-02-22;2018-03-20;2018-02-09
"AKCIA18-0050";"'1721' TR00 akcia c.9 LIMEÑITA 01.03.- 14.03.2018";2018-02-19;2018-03-18;2019-02-27
"AKCIA18-0051";"'1969' CB00 SLOVAKIA CALVO 80g 26.02. - 11.03.2018";2018-02-01;2018-03-11;2018-02-15
"AKCIA18-0053";"'1721' TR00 akcia c.11 CALVO,S 15.03.- 21.03.2018";2018-02-26;2018-03-21;2018-02-21
"AKCIA18-0054";"'1721' TR00 akcia c.12 HUMMUS 22.03.- 28.03.2018";2018-03-05;2018-03-30;2018-02-21
"AKCIA18-0055";"'1479' CB00 LIMEÑITA 15.03. - 04.04.2018";2018-03-01;2018-04-04;2019-02-27
"AKCIA18-0056";"'6022' CP00 GALANTA CALVO3x80g 15.03. - 04.04.2018";2018-02-27;2018-04-04;2018-02-23
"AKCIA18-0057";"'5901' MT00 18152 BORGES 200ml21.03. - 03.04.2018";2018-03-08;2018-04-03;2018-02-23
"AKCIA18-0058";"'5901' MT00 18807 HUMMUS 21.03. - 03.04.2018";2018-03-08;2018-04-03;2018-02-26
"AKCIA18-0059";"'5901' MT00 18807 BORGES 21.03. - 03.04.2018";2018-03-08;2018-04-03;2018-02-27
"AKCIA18-0060";"'7000' BL00 CLUB FRAGATA 03.04. - 30.04.2018";2018-03-12;2018-04-30;2018-02-28
"AKCIA18-0061";"'9000' BL00 KW15+16 CROISANT 11.04. - 24.04.2018";2018-03-26;2018-04-24;2018-03-01
"AKCIA18-0062";"'9000' BL00 KW16+17 PAYESITA 18.04. - 01.05.2018";2018-04-02;2018-05-01;2018-03-01
"AKCIA18-0063";"'1721' TR00 akcia c.11 LIMEÑITA 15.03.-21.03.2018";2018-03-05;2018-03-25;2019-02-27
"AKCIA18-0065";"'7000' BL00 CLUB LIMEÑITA 23.03. - 30.04.2018";2018-03-23;2018-04-30;2019-02-27
"AKCIA18-0066";"'6000' CP00 akcia c.12 BORGES 22.03. - 28.03.2018";2018-03-05;2018-03-28;2018-03-09
"AKCIA18-0068";"'7000' BL00 akcia BORGES 21.03. - 27.03.2018";2018-02-26;2018-03-27;2018-03-09
"AKCIA18-0070";"'6017' CP00 N.ZÁMKY c.11 CALVO 16.03. - 22.03.2017";2018-03-07;2018-03-22;2018-03-12
"AKCIA18-0073";"'1721' TR00 akcia c.14 BORGES 05.04.- 11.04.2018";2018-03-19;2018-04-11;2018-03-12
"AKCIA18-0075";"'5901' MT00 18806 BORGES 07.03. - 20.03.2018";2018-02-22;2018-03-20;2018-03-14
"AKCIA18-0076";"'6000' CP00 akcia c.14 SOS 05.04. - 11.04.2018";2018-03-19;2018-04-11;2018-03-14
"AKCIA18-0078";"'1721' TR00 akcia c.15 CALVO 12.04.- 18.04.2018";2018-03-26;2018-04-18;2018-03-16
"AKCIA18-0079";"'7000' BL00 akcia SOS 04.04. - 10.04.2018";2018-03-12;2018-04-10;2018-03-19
"AKCIA18-0080";"'6000' CP00 akcia c.15 CALVO 12.04. - 18.04.2018";2018-03-26;2018-04-18;2018-03-20
"AKCIA18-0082";"'0527' CB00 04/18 LIMEÑITA 10.04. - 09.05.2018";2018-04-01;2018-05-09;2019-02-27
"AKCIA18-0083";"'5901' MT00 18808 CALVO 04.04. - 17.04.2018";2018-03-22;2018-04-17;2018-03-21
"AKCIA18-0084";"'1600' DL00 akcia HUMMUS 10.04. - 22.04.2017";2018-03-26;2018-04-22;2018-03-26
"AKCIA18-0085";"'1479' CB00 SOS 1kg 19.04. - 02.05.2018";2018-04-05;2018-05-02;2018-04-25
"AKCIA18-0086";"'5901' MT00 18809 APPEL 18.04. - 01.05.2018";2018-04-05;2018-05-01;2018-03-27
"AKCIA18-0087";"'5901' MT00 18809 BORGES 18.04. - 01.05.2018";2018-04-05;2018-05-01;2018-03-27
"AKCIA18-0088";"'5901' MT00 18709 BORGES, SOS 18.04. - 15.05.2018";2018-04-05;2018-05-15;2018-03-27
"AKCIA18-0089";"'7000' BL00 katalóg BORGES 07.05. - 03.06.2018";2018-04-16;2018-06-03;2018-04-03
"AKCIA18-0090";"'1043' CB00 CALVO 80g 20.04. - 30.04.2018";2018-03-29;2018-04-30;2018-04-25
"AKCIA18-0091";"'5901' MT00 1809 LIMEÑITA 18.04. - 01.05.2018";2018-04-15;2018-05-01;2019-02-27
"AKCIA18-0092";"'1721' TR00 akcia KRAJ 5 BORGE 26.04.- 09.05.2018";2018-04-09;2018-05-09;2018-04-04
"AKCIA18-0093";"'1143' CB00 VEREX CALVO 19.04. - 02.05.2018";2018-04-04;2018-05-02;2018-04-25
"AKCIA18-0095";"'1721' TR00 akcia c.15 LIMEÑITA 12.04.-18.04.2018";2018-04-02;2018-04-22;2019-02-27
"AKCIA18-0096";"'7000' BL00 akcia BORGES 11.04. - 17.04.2018";2018-03-19;2018-04-17;2018-04-10
"AKCIA18-0097";"'7000' BL00 BBC 5 BORGES 02.05. - 31.05.2018";2018-04-09;2018-05-31;2018-04-10
"AKCIA18-0098";"'7000' BL00 akcia CALVO 09.05. - 15.05.2018";2018-04-16;2018-05-15;2018-05-31
"AKCIA18-0100";"'1721' TR00 akcia c.17 LIMEÑITA 26.04.-02.05.2018";2018-04-16;2018-05-06;2019-02-27
"AKCIA18-0101";"'7000' BL00 BBC 5 LIMEÑITA 01.05. - 31.05.2018";2018-04-27;2018-05-31;2019-02-27
"AKCIA18-0103";"'1721' TR00 akcia c.19 CALVO 10.05.- 16.05.2018";2018-04-23;2018-05-16;2018-04-17
"AKCIA18-0105";"'1721' TR00 akcia c.19 HUMMUS 10.05.- 16.05.2018";2018-04-23;2018-05-16;2018-04-18
"AKCIA18-0106";"'1600' DL00 LIMEÑITA 08.05. - 20.05.2018";2018-04-25;2018-05-20;2019-02-27
"AKCIA18-0107";"'6000' CP00 akcia c.76 BORGES 17.05. - 13.06.2018";2018-04-30;2018-06-13;2018-04-24
"AKCIA18-0108";"'1600' DL00 ELPOZO snacking 01.05. - 11.05.2018";2018-04-25;2018-05-11;2018-04-25
"AKCIA18-0109";"'7000' BL00 BBC 6 SOS 01.06. - 30.06.2018";2018-05-14;2018-06-30;2018-04-25
"AKCIA18-0110";"'7000' BL00 katalog CALVO 04.06. - 01.07.2018";2018-05-13;2018-07-01;2018-04-27
"AKCIA18-0111";"'7000' BL00 akcia SOS 06.06. - 12.06.2018";2018-05-14;2018-06-12;2018-04-27
"AKCIA18-0112";"'1721' TR00 akcia c.20 SOS 17.05.- 23.05.2018";2018-04-30;2018-05-23;2018-04-27
"AKCIA18-0113";"'1721' TR00 akcia c.19 LIMEÑIT 10.05.- 16.05.2018";2018-04-30;2018-05-20;2019-02-27
"AKCIA18-0114";"'6000' CP00 akcia c.21 SOS 24.05. - 30.05.2018";2018-05-07;2018-05-30;2018-04-30
"AKCIA18-0116";"'1143' CB00 VEREX CALVO 17.05. - 06.06.2018";2018-05-02;2018-06-06;2018-05-02
"AKCIA18-0117";"'1969' CB00 SLOVAKIA CALVO 160g 17.05. - 06.06.2018";2018-05-02;2018-06-06;2018-05-02
"AKCIA18-0119";"'1301' CB00 MARKET CALVO, SOS 17.05. - 06.06.2018";2018-04-23;2018-06-06;2018-05-03
"AKCIA18-0120";"'1479' CB00 CALVO 17.05. - 06.06.2018";2018-05-03;2018-06-06;2018-05-03
"AKCIA18-0123";"'7000' BL00 akcia BORGES 13.06. - 19.06.2018";2018-05-21;2018-06-19;2018-05-03
"AKCIA18-0124";"'1043' CB00 CALVO aláty 18.05. - 05.06.2018";2018-04-30;2018-06-05;2018-05-03
"AKCIA18-0125";"'1043' CB00 BORGES 18.05. - 05.06.2018";2018-04-30;2018-06-05;2018-05-03
"AKCIA18-0126";"'6022' CP00 D.STREDA CALVO 80g 10.05. - 23.05.2018";2018-04-26;2018-05-23;2018-05-03
"AKCIA18-0128";"'5901' MT00 18812 BORGES 30.05. - 12.06.2018";2018-05-17;2018-06-12;2018-05-09
"AKCIA18-0130";"'0527' CB00 05/18 BORGES 10.05. - 09.06.2018";2018-05-02;2018-06-09;2018-05-10
"AKCIA18-0134";"'5901' MT00 18812 CALVO 30.05. - 12.06.2018";2018-05-17;2018-06-12;2018-05-14
"AKCIA18-0135";"'1721' TR00 akcia c.23 CALVO 07.06. - 13.06.2018";2018-05-21;2018-06-13;2018-05-16
"AKCIA18-0136";"'7000' BL00 KW 21+22 CROISANT 23.05. - 05.06.2018";2018-04-23;2018-06-05;2018-05-17
"AKCIA18-0137";"'7000' BL00 KW 23+24 CROISANT 06.06. - 19.06.2018";2018-05-14;2018-06-19;2018-05-17
"AKCIA18-0138";"'7000' BL00 KW 24+25 PAYESITA 13.06. - 26.06.2018";2018-05-21;2018-06-26;2018-05-17
"AKCIA18-0139";"'5901' MT00 18813 APPEL 13.06. - 26.06.2018";2018-05-31;2018-06-26;2018-05-17
"AKCIA18-0140";"'5901' MT00 18713 SOS 13.06. - 10.07.2018";2018-05-31;2018-07-10;2018-05-17
"AKCIA18-0141";"'1721' TR00 akcia c.26 HUMMUS 28.06. - 04.07.2018";2018-06-11;2018-07-04;2018-05-17
"AKCIA18-0142";"'5901' MT00 18813 BORGES 2l 13.06. - 26.06.2018";2018-05-31;2018-06-26;2018-05-17
"AKCIA18-0143";"'1143' CB00 VEREX SOS 21.06. - 03.07.2018";2018-06-06;2018-07-03;2018-05-18
"AKCIA18-0144";"'1143' CB00 VEREX FRAGATA 21.06. - 03.07.2018";2018-06-06;2018-07-03;2018-05-18
"AKCIA18-0146";"'7000' BL00 akcia SOS 04.07. - 10.07.2018";2018-06-11;2018-07-10;2018-05-24
"AKCIA18-0148";"'7000' BL00 KW 27+28 CROISANT 04.07. - 17.07.2018";2018-06-18;2018-07-17;2018-05-25
"AKCIA18-0149";"'7000' BL00 KW 29+30 CROISANT 18.07. - 31.07.2018";2018-07-02;2018-07-31;2018-05-25
"AKCIA18-0150";"'7000' BL00 KW 30+31 TRIANGUL 25.07. - 07.08.2018";2018-07-09;2018-08-07;2018-05-25
"AKCIA18-0151";"'7000' BL00 KW 31+32 PAYESITA 01.08. - 14.08.2018";2018-07-16;2018-08-14;2018-05-25
"AKCIA18-0152";"'7000' BL00 BBC 7 FRAGATA 01.07. - 31.07.2018";2018-06-11;2018-07-31;2018-05-25
"AKCIA18-0153";"'1479' CB00 LIMEÑITA 21.06. - 03.07.2018";2018-06-07;2018-07-03;2019-02-27
"AKCIA18-0154";"'1721' TR00 akcia c.23 LIMEÑI 07.06. - 17.06.2018";2018-05-28;2018-06-17;2019-02-27
"AKCIA18-0155";"'6022' CP00 GALANTA LIMEÑITA 21.06. - 04.07.2018";2018-06-05;2018-07-04;2019-02-27
"AKCIA18-0156";"'1043' CB00 CALVO 22.06. - 02.07.2018";2018-06-04;2018-07-02;2018-05-28
"AKCIA18-0157";"'1043' CB00 LIMEÑITA 22.06. - 02.07.2018";2018-06-04;2018-07-02;2019-02-27
"AKCIA18-0158";"'1301' CB00 MARKET CALVO 21.06. - 03.07.2018";2018-06-06;2018-07-03;2018-05-29
"AKCIA18-0159";"'7000' BL00 akcia CALVO 11.07. - 17.07.2018";2018-06-18;2018-07-17;2018-05-31
"AKCIA18-0160";"'5901' MT00 18814 CALVO 27.06.  - 10.07.2018";2018-06-14;2018-07-10;2018-05-31
"AKCIA18-0162";"'7000' BL00 BBC 6 LIMEÑITA 01.06. - 30.06.2018";2018-05-25;2018-06-30;2018-06-12
"AKCIA18-0163";"'1721' TR00 akcia c.26 FRAGAT 28.06. - 04.07.2018";2018-06-11;2018-07-04;2018-06-04
"AKCIA18-0165";"'5901' MT00 18814 ELPOZO 27.06.  - 10.07.2018";2018-06-14;2018-07-10;2018-06-06
"AKCIA18-0166";"'0527' CB00 06/18 LIMEÑITA 10.06. - 09.07.2018";2018-06-01;2018-07-09;2018-06-12
"AKCIA18-0167";"'6022' CP00 GALANTA CALVO 06.07. - 18.07.2018";2018-06-19;2018-07-18;2018-06-11
"AKCIA18-0168";"'1721' TR00 akcia c.25 BORGES 21.06. - 27.06.2018";2018-06-04;2018-06-27;2018-06-11
"AKCIA18-0169";"'7000' BL00 akcia BORGES 18.07. - 24.07.2018";2018-06-25;2018-07-24;2018-06-11
"AKCIA18-0170";"'7000' BL00 BBC 7 LIMEÑITA 01.07. - 31.07.2018";2018-06-22;2018-07-31;2018-06-12
"AKCIA18-0171";"'5901' MT00 18715 SOS, BORGE 11.07.  - 07.08.2018";2018-06-28;2018-08-07;2018-06-13
"AKCIA18-0172";"'1721' TR00 akcia c.28 CALVO 12.07. - 18.07.2018";2018-06-25;2018-07-18;2018-06-14
"AKCIA18-0174";"'6022' CP00 D.STREDA CALVO 160g12.07. - 25.07.2018";2018-06-28;2018-07-25;2018-06-18
"AKCIA18-0175";"'1721' TR00 akcia c.26 LIMEÑI 28.06. - 04.07.2018";2018-06-18;2018-07-08;2019-02-27
"AKCIA18-0176";"'6000' CP00 akcia c.28 CALVO 17.07. - 18.07.2018";2018-06-25;2018-07-18;2018-06-18
"AKCIA18-0178";"'1143' CB00 VEREX CALVO 19.07. - 01.08.2018";2018-07-04;2018-08-01;2018-06-22
"AKCIA18-0179";"'1721' TR00 akcia c.33 HUMMUS 16.08. - 22.08.2018";2018-07-30;2018-08-22;2018-06-22
"AKCIA18-0180";"'5901' MT00 18816 GOYA 25.07.  - 07.08.2018";2018-07-12;2018-08-07;2018-06-22
"AKCIA18-0182";"'1479' CB00 CALVO 19.07. - 01.08.2018";2018-07-03;2018-08-01;2018-06-25
"AKCIA18-0184";"'1043' CB00 CALVO 80g 20.07. - 31.07.2018";2018-07-02;2018-07-31;2018-06-27
"AKCIA18-0186";"'7000' BL00 akcia SOS 01.08. - 07.08.2018";2018-07-09;2018-08-07;2018-07-06
"AKCIA18-0187";"'7000' BL00 akcia BORGES 16.08. - 21.08.2018";2018-07-23;2018-08-21;2018-07-06
"AKCIA18-0188";"'1969' CB00 SLOVAKIA CALVO 80g 16.07. - 29.07.2018";2018-07-02;2018-07-29;2018-07-09
"AKCIA18-0189";"'7000' BL00 BBC 8 LIMEÑITA 01.08. - 31.08.2018";2018-07-22;2018-08-31;2018-07-11
"AKCIA18-0190";"'5901' MT00 18717 CALVO 1kg 08.08.  - 04.09.2018";2018-07-26;2018-09-04;2018-07-13
"AKCIA18-0191";"'5901' MT00 18817 APPEL 08.08.  - 21.08.2018";2018-07-26;2018-08-21;2018-07-13
"AKCIA18-0192";"'6000' CP00 akcia c.32 BORGES 09.08. - 15.08.2018";2018-07-23;2018-08-15;2018-07-16
"AKCIA18-0193";"'6000' CP00 akcia c.32 SOS 09.08. - 15.08.2018";2018-07-23;2018-08-15;2018-07-16
"AKCIA18-0194";"'5700' KF00 akcia SOS 02.08. - 08.08.2018";2018-07-19;2018-07-27;2018-07-26
"AKCIA18-0195";"'1721' TR00 akcia c.32 SOS 09.08. - 15.08.2018";2018-07-23;2018-08-15;2018-07-19
"AKCIA18-0196";"'1479' CB00 SOS 1kg 16.08. - 05.09.2018";2018-08-02;2018-09-05;2018-07-19
"AKCIA18-0199";"'1721' TR00 akcia KRAJ 11 HUMM 11.08.- 19.09.2018";2018-07-25;2018-09-19;2018-07-19
"AKCIA18-0200";"'6022' CP00 GALANTA CALVO 16.08. - 28.08.2018";2018-07-31;2018-08-28;2018-07-20
"AKCIA18-0201";"'5901' MT00 1809 LIMEÑITA 25.07. - 07.08.2018";2018-07-22;2018-08-07;2018-07-24
"AKCIA18-0202";"'1043' CB00 CALVO 160g 17.08. - 04.09.2018";2018-07-30;2018-09-04;2018-07-23
"AKCIA18-0203";"'5901' MT00 18817 BORGES, SOS 08.08. - 21.08.2018";2018-07-26;2018-08-21;2018-07-24
"AKCIA18-0204";"'5901' MT00 18817 GULLÓN 08.08. - 21.08.2018";2018-07-26;2018-08-21;2018-07-24
"AKCIA18-0205";"'5901' MT00 18717 SOS, BORGES 08.08. - 04.09.2018";2018-07-26;2018-09-04;2018-07-24
"AKCIA18-0206";"'7000' BL00 BBC 9 GULLÓN 02.09. - 30.09.2018";2018-08-13;2018-09-30;2018-07-24
"AKCIA18-0207";"'7000' BL00 akcia CALVO 12.09. - 18.09.2018";2018-08-20;2018-09-18;2018-07-24
"AKCIA18-0208";"'6000' CP00 akcia c.8 CALVO3+1 16.08. - 29.08.2018";2018-07-30;2018-08-29;2018-07-24
"AKCIA18-0210";"'7000' BL00 BBC 8 SOS 500g 01.08. - 31.08.2018";2018-07-09;2018-08-31;2018-07-26
"AKCIA18-0211";"'0527' CB00 08/18 LIMEÑITA 10.08. - 09.09.2018";2018-08-01;2018-09-09;2018-08-02
"AKCIA18-0212";"'1721' TR00 akcia c.34 BORGES 23.08. - 29.08.2018";2018-08-06;2018-08-29;2018-08-02
"AKCIA18-0213";"'1721' TR00 akcia c.34 CALVO, 23.08. - 29.08.2018";2018-08-06;2018-08-29;2018-08-02
"AKCIA18-0215";"'7000' BL00 akcia BORGES 19.09. - 25.09.2018";2018-08-27;2018-09-25;2018-08-02
"AKCIA18-0217";"'7000' BL00 akcia CALVO 3+1 22.08. - 29.08.2018";2018-08-06;2018-08-29;2018-08-06
"AKCIA18-0218";"'7000' BL00 BBC 9 LIMEÑITA 01.09. - 30.09.2018";2018-08-24;2018-09-30;2018-08-06
"AKCIA18-0219";"'5901' MT00 18818 SOS, BORGES 22.08. - 04.09.2018";2018-08-09;2018-09-04;2018-08-09
"AKCIA18-0220";"'5901' MT00 18818 CALVO 22.08. - 04.09.2018";2018-08-09;2018-09-04;2018-08-09
"AKCIA18-0221";"'6022' CP00 GALANTA CALVO 29.08. - 12.09.2018";2018-08-14;2018-09-12;2018-08-09
"AKCIA18-0222";"'5901' MT00 18818 BORGES 05.09. - 02.10.2018";2018-08-23;2018-10-02;2018-08-09
"AKCIA18-0223";"'1721' TR00 akcia c.36 CALVOs 06.09. - 12.09.2018";2018-08-20;2018-09-12;2018-08-09
"AKCIA18-0224";"'1721' TR00 akcia KRAJ 15 CALV 06.09.- 12.09.2018";2018-08-20;2018-09-12;2018-08-09
"AKCIA18-0225";"'1721' TR00 akcia KRAJ 19 HUMM 04.10.- 10.10.2018";2018-09-17;2018-10-10;2018-08-09
"AKCIA18-0226";"'5700' KF00 akcia CALVO 04.10. - 11.10.2018";2018-08-07;2018-10-11;2018-08-09
"AKCIA18-0228";"'6017' CP00 N.ZÁMKYvík35 BORGE 30.08. - 02.09.2018";2018-08-20;2018-09-02;2018-08-13
"AKCIA18-0229";"'1969' CB00 SLOVAKIA CALVO 160g 13.08. - 26.08.2018";2018-07-31;2018-08-26;2018-08-14
"AKCIA18-0230";"'6000' CP00 akcia c.36 CALVO 06.09. - 12.09.2018";2018-08-20;2018-09-12;2018-08-14
"AKCIA18-0232";"'5901' MT00 18719 CALVO 1kg 05.09.  - 02.10.2018";2018-08-23;2018-10-02;2018-08-16
"AKCIA18-0233";"'7000' BL00 BBC 10 SOS 500g 01.10. - 01.11.2018";2018-09-10;2018-11-01;2018-09-25
"AKCIA18-0234";"'6022' CP00 D.STREDA CALVO 160g06.09. - 19.09.2018";2018-08-23;2018-09-19;2018-08-20
"AKCIA18-0235";"'1721' TR00 akcia KRAJ 16 SOS 13.09.- 19.09.2018";2018-08-27;2018-09-19;2018-08-21
"AKCIA18-0236";"'1721' TR00 akcia c.36 CALVO 13.09. - 19.09.2018";2018-08-27;2018-09-19;2018-08-21
"AKCIA18-0238";"'7000' BL00 akcia SOS, BORGES 03.10. - 09.10.2018";2018-09-10;2018-10-09;2018-08-28
"AKCIA18-0240";"'1043' CB00 CALVO, BORGE 21.09. - 02.10.2018";2018-09-03;2018-10-02;2018-08-24
"AKCIA18-0241";"'6000' CP00 akcia c.38 SOS 20.09. - 26.09.2018";2018-09-03;2018-09-26;2018-08-24
"AKCIA18-0242";"'1143' CB00 VEREX CALVO 20.09. - 03.10.2018";2018-09-05;2018-10-03;2018-08-24
"AKCIA18-0243";"'5901' MT00 18719 CALVO,BORG 19.09.  - 02.10.2018";2018-09-06;2018-10-02;2018-08-27
"AKCIA18-0244";"'1479' CB00 BORGES 20.09. - 03.10.2018";2018-09-06;2018-10-03;2018-08-28
"AKCIA18-0246";"'6022' CP00 GALANTA LIMEÑITA 27.09. - 10.10.2018";2018-09-11;2018-10-10;2019-02-27
"AKCIA18-0247";"'7000' BL00 akcia BORGES 17.10. - 23.10.2018";2018-09-24;2018-10-23;2018-09-05
"AKCIA18-0248";"'1721' TR00 akcia c.38 LIMEÑI 20.09. - 26.09.2018";2018-09-10;2018-09-30;2019-02-27
"AKCIA18-0249";"'5901' MT00 18715 SOS 03.10.  - 30.10.2018";2018-09-20;2018-10-30;2018-09-06
"AKCIA18-0250";"'5901' MT00 18821 BORGES 03.10. - 16.10.2018";2018-09-20;2018-10-16;2018-09-07
"AKCIA18-0251";"'5901' MT00 1821 LIMEÑITA 03.10. - 16.10.2018";2018-09-30;2018-10-16;2018-09-14
"AKCIA18-0252";"'6000' CP00 akcia c.52 BORGES 04.10. - 24.10.2018";2018-09-17;2018-10-24;2018-09-17
"AKCIA18-0254";"'1301' CB00 MARKET CALVO,SOS,BO 19.10. - 31.10.2018";2018-10-01;2018-10-31;2018-10-02
"AKCIA18-0255";"'7000' BL00 KW 43+44 TRIANGUL 24.10. - 06.11.2018";2018-10-24;2018-11-06;2018-09-20
"AKCIA18-0256";"'7000' BL00 KW 46+47 CROISANT 14.11. - 27.11.2018";2018-11-14;2018-11-27;2018-11-07
"AKCIA18-0257";"'7000' BL00 KW 48+49 PAYESITA 28.11. - 11.12.2018";2018-11-28;2018-12-11;2018-09-20
"AKCIA18-0258";"'7000' BL00 KW 51+52 CROISANT 19.12. - 01.01.2019";2018-12-19;2019-01-01;2018-09-20
"AKCIA18-0260";"'1600' DL00 GULLON, VALOR 01.10. - 31.10.2018";2018-09-24;2018-10-31;2018-09-21
"AKCIA18-0261";"'7000' BL00 BBC 11 GULLON 01.11. - 30.11.2018";2018-10-15;2018-11-30;2018-09-25
"AKCIA18-0262";"'1043' CB00 CALVO 3x80g 19.10. - 31.10.2018";2018-10-01;2018-10-31;2018-09-25
"AKCIA18-0263";"'1721' TR00 akcia c.42 CALVO,B 18.10.- 24.10.2018";2018-10-01;2018-10-24;2018-09-27
"AKCIA18-0264";"'1721' TR00 BRAND_VIANOCE CALV 12.11.- 16.12.2018";2018-10-26;2018-12-16;2018-09-27
"AKCIA18-0265";"'1721' TR00 akcia c.41 LIMEÑI 11.10. - 17.10.2018";2018-10-01;2018-10-21;2019-02-27
"AKCIA18-0266";"'5901' MT00 18822 APPEL, GULL 17.10. - 30.10.2018";2018-10-04;2018-10-30;2018-10-01
"AKCIA18-0267";"'1479' CB00 LIMEÑITA 18.10. - 31.10.2018";2018-10-04;2018-10-31;2019-02-27
"AKCIA18-0271";"'7000' BL00 akcia CALVO  14.11. - 20.11.2018";2018-10-22;2018-11-20;2018-10-03
"AKCIA18-0272";"'1721' TR00 TZATZIKY 03.10.- 31.10.2018";2018-10-03;2018-10-31;2018-10-03
"AKCIA18-0273";"'7000' BL00 akcia CALVO 6X80g 25.10. - 30.10.2018";2018-10-08;2018-10-30;2018-10-05
"AKCIA18-0275";"'1721' TR00 akcia KRAJ 21 LIME 18.10.- 24.10.2018";2018-10-15;2018-10-28;2018-10-11
"AKCIA18-0276";"'7000' BL00 akcia BORGES 21.11. - 27.11.2018";2018-10-29;2018-11-27;2018-10-11
"AKCIA18-0277";"'5901' MT00 18823 BORGES, SOS 31.10. - 13.11.2018";2018-10-18;2018-11-13;2018-10-12
"AKCIA18-0278";"'5901' MT00 18723 BORGES, SOS 31.10. - 27.11.2018";2018-10-18;2018-11-27;2018-10-12
"AKCIA18-0281";"'1721' TR00 akcia KRAJ 24 SOS 08.11.- 14.11.2018";2018-10-22;2018-11-14;2018-10-18
"AKCIA18-0282";"'1143' CB00 VEREX SOS, BORGES  15.11. - 30.11.2018";2018-10-31;2018-11-30;2018-10-18
"AKCIA18-0284";"'1721' TR00 akcia c.44 LIMEÑI 02.11. - 07.11.2018";2018-10-22;2018-11-11;2019-02-27
"AKCIA18-0285";"'1600' DL00 LIMEÑITA 30.10. - 02.12.2018";2018-10-22;2018-12-02;2018-10-23
"AKCIA18-0286";"'7000' BL00 akcia BORGES kata 26.11. - 31.12.2018";2018-11-05;2018-12-31;2018-10-23
"AKCIA18-0287";"'0527' CB00 11/18 SOS, HUMM 10.11. - 09.12.2018";2018-11-01;2018-12-09;2018-10-23
"AKCIA18-0288";"'1043' CB00 CALVO 80g 16.11. - 29.11.2018";2018-10-29;2018-11-29;2018-10-24
"AKCIA18-0290";"'5901' MT00 18824 BORGES 14.11. - 27.11.2018";2018-11-01;2018-11-27;2018-10-24
"AKCIA18-0292";"'1969' CB00 SLOVAKIA CALVO 160g 08.10. - 21.10.2018";2018-09-24;2018-10-21;2018-10-25
"AKCIA18-0293";"'6017' CP00 N.ZÁMKYvík45 CALVO 09.11. - 11.11.2018";2018-10-26;2018-11-11;2018-10-26
"AKCIA18-0294";"'5901' MT00 18824 CALVO 14.11. - 27.11.2018";2018-11-01;2018-11-27;2018-10-31
"AKCIA18-0295";"'1721' TR00 akcia c.47 CALVO 22.11. - 28.11.2018";2018-11-05;2018-11-28;2018-10-31
"AKCIA18-0296";"'7000' BL00 akcia SOS 05.12. - 11.12.2018";2018-11-12;2018-12-11;2018-10-31
"AKCIA18-0298";"'0527' CB00 10/18 LIMEÑITA 10.10. - 09.11.2018";2018-10-01;2018-11-09;2018-11-07
"AKCIA18-0300";"'6022' CP00 GALANTA CALVO 06.12.  - 19.12.2018";2018-11-20;2018-12-19;2018-11-09
"AKCIA18-0301";"'1479' CB00 CALVO, SOS 15.11. - 12.12.2018";2018-10-30;2018-12-12;2018-11-09
"AKCIA18-0302";"'7000' BL00 akcia CALVO 3x80g 19.12. - 31.12.2018";2018-11-26;2018-12-31;2018-11-09
"AKCIA18-0304";"'1143' CB00 VEREX CALVO 01.12. - 14.12.2018";2018-11-15;2018-12-14;2018-11-09
"AKCIA18-0305";"'6000' CP00 akcia c.49 BORGES 06.12. - 12.12.2018";2018-11-19;2018-12-12;2018-11-12
"AKCIA18-0306";"'5901' MT00 18326 HUMMUS 12.12. - 31.12.2018";2018-11-29;2018-12-31;2018-11-14
"AKCIA18-0309";"'1721' TR00 akcia c.49 FRAGAT 06.12. - 12.12.2018";2018-11-19;2018-12-12;2018-11-15
"AKCIA18-0310";"'1721' TR00 akcia c.51+52 HUM 20.12. - 30.12.2018";2018-12-03;2018-12-30;2018-11-15
"AKCIA18-0312";"'6022' CP00 D.STREDA CALVO 160g06.12. - 31.12.2018";2018-11-22;2018-12-31;2018-11-19
"AKCIA18-0313";"'1043' CB00 CALVO, APPEL 15.12. - 31.12.2018";2018-11-26;2018-12-31;2018-11-20
"AKCIA18-0314";"'5901' MT00 18826 BORGES 12.12. - 31.12.2018";2018-11-29;2018-12-31;2018-11-20
"AKCIA18-0315";"'5901' MT00 18826 CALVO 12.12. - 31.12.2018";2018-11-29;2018-12-31;2018-11-20
"AKCIA18-0317";"'1721' TR00 akcia c.41 FRAGAT 11.10. - 17.10.2018";2018-09-24;2018-10-17;2018-11-21
"AKCIA18-0318";"'1721' TR00 akcia c.50 BORGES 13.12. - 19.12.2018";2018-11-26;2018-12-26;2018-11-22
"AKCIA18-0319";"'1721' TR00 akcia c.50 FRAGAT 13.12. - 19.12.2018";2018-12-13;2018-12-26;2018-11-22
"AKCIA18-0321";"'0527' CB00 12/18 LIMEÑITA 10.12. - 09.01.2019";2018-12-01;2019-01-09;2018-11-26
"AKCIA18-0322";"'6000' CP00 akcia c.51 FRAGATA 20.12. - 05.01.2019";2018-12-03;2019-01-05;2018-11-28
"AKCIA18-0327";"'7000' BL00 akcia BORGES 12.12. - 18.12.2018";2018-11-19;2018-12-18;2018-12-19
"AKCIA18-0328";"'7000' BL00 BBC 12 FRAGATA 01.12. - 31.12.2018";2018-11-12;2018-12-31;2018-12-19
"AKCIA19-0001";"'7000' BL00 BBC 1 GULLON 02.01. - 31.01.2019";2018-12-10;2019-01-31;2018-11-26
"AKCIA19-0002";"'5901' MT00 19801 GOYA 31.12. - 08.01.2019";2018-12-18;2019-01-08;2018-11-27
"AKCIA19-0004";"'7000' BL00 akcia CALVO 3x80g 09.01. - 15.01.2019";2018-12-17;2019-01-15;2018-11-30
"AKCIA19-0005";"'5901' MT00 19105+701 CALVO 02.01. - 29.01.2019";2018-12-18;2019-01-29;2018-12-12
"AKCIA19-0006";"'1721' TR00 akcia W3 SOS,CALV 17.01. - 23.01.2019";2018-12-31;2019-01-23;2018-12-12
"AKCIA19-0007";"'1479' CB00 LIMEÑITA 24.01. - 06.02.2019";2019-01-10;2019-02-06;2019-02-27
"AKCIA19-0008";"'7000' BL00 akcia SOS 30.01. - 05.02.2019";2019-01-07;2019-02-05;2018-12-19
"AKCIA19-0009";"'1721' TR00 akcia W4 FRAGAT 24.01. - 30.01.2019";2019-01-07;2019-01-30;2018-12-20
"AKCIA19-0010";"'7000' BL00 BBC 2 BORGES 01.02. - 28.02.2019";2019-01-07;2019-02-28;2018-12-20
"AKCIA19-0011";"'6022' CP00 GALANTA BORGES 17.01.  - 30.01.2019";2019-01-02;2019-01-30;2019-01-03
"AKCIA19-0012";"'1043' CB00 CALVO, BORGE 25.01. - 05.02.2019";2019-01-07;2019-02-05;2019-01-03
"AKCIA19-0013";"'5901' MT00 1903 LIMEÑITA 23.01. - 05.02.2019";2019-01-16;2019-02-05;2019-01-03
"AKCIA19-0014";"'5901' MT00 19803 BORGES, SOS 23.01. - 05.02.2019";2019-01-10;2019-02-05;2019-01-08
"AKCIA19-0015";"'5901' MT00 19803 GULLON 23.01. - 05.02.2019";2019-01-10;2019-02-05;2019-01-08
"AKCIA19-0016";"'5901' MT00 19703 BORGES, SOS 23.01. - 19.02.2019";2019-01-10;2019-02-19;2019-01-08
"AKCIA19-0017";"'6022' CP00 GALANTA CALVO, LI 31.01.  - 13.02.2019";2019-01-15;2019-02-13;2019-01-08
"AKCIA19-0018";"'5901' MT00 19804 FUET 06.02. - 19.02.2019";2019-01-24;2019-02-19;2019-01-08
"AKCIA19-0019";"'1721' TR00 akcia LA7 HUMMUS 14.02. - 20.02.2019";2019-01-28;2019-02-20;2019-01-08
"AKCIA19-0020";"'6017' CP00 N.ZÁMKYvík04 BORGE 25.01. - 27.01.2019";2019-01-16;2019-01-27;2019-01-09
"AKCIA19-0022";"'7000' BL00 akcia BORGES 13.02. - 19.02.2019";2019-01-21;2019-02-19;2019-01-11
"AKCIA19-0025";"'7000' BL00 BBC 2 LIMEÑITA 01.02. - 28.02.2019";2019-01-25;2019-02-28;2019-01-14
"AKCIA19-0026";"'1721' TR00 akcia LA5 LIMEÑIT 31.01. - 06.02.2019";2019-01-21;2019-02-10;2019-01-14
"AKCIA19-0027";"'1721' TR00 akcia LA7 QUINOA 14.02. - 20.02.2019";2019-01-28;2019-02-20;2019-01-15
"AKCIA19-0028";"'5901' MT00 19805 KOKOS.VODA 20.02. - 05.03.2019";2019-02-07;2019-03-05;2019-01-16
"AKCIA19-0030";"'6022' CP00 GALANTA CALVO 14.02.  - 27.02.2019";2019-01-29;2019-02-27;2019-01-21
"AKCIA19-0031";"'1143' CB00 VEREX CALVO 21.02. -  06.03.2019";2019-02-06;2019-03-06;2019-01-24
"AKCIA19-0032";"'5901' MT00 19705 BORGES, SOS 20.02. - 19.03.2019";2019-02-07;2019-03-19;2019-01-24
"AKCIA19-0033";"'7000' BL00 BBC 3 GULLON 01.03. - 31.03.2019";2019-02-04;2019-03-31;2019-01-28
"AKCIA19-0034";"'7000' BL00 katalóg CALVO, BO 01.04. - 22.04.2019";2019-03-11;2019-04-22;2019-01-28
"AKCIA19-0035";"'1301' CB00 MARKET CALVO,SOS,BO 21.02. - 06.03.2019";2019-02-04;2019-03-06;2019-01-31
"AKCIA19-0036";"'1721' TR00 akcia LA9 BORGES  28.02. - 13.03.2019";2019-02-11;2019-03-15;2019-01-28
"AKCIA19-0037";"'1043' CB00 CALVO, LIMEÑ 22.02. - 05.03.2019";2019-02-04;2019-03-05;2019-02-27
"AKCIA19-0038";"'0527' CB00 02/19 LIMEÑITA 10.02. - 09.03.2019";2019-02-01;2019-03-09;2019-01-29
"AKCIA19-0039";"'1479' CB00 SOS 500g 21.02. - 06.03.2019";2019-02-07;2019-03-06;2019-01-30
"AKCIA19-0040";"'1721' TR00 akcia W8 BORGES 21.02. - 27.02.2019";2019-02-04;2019-02-27;2019-01-31
"AKCIA19-0042";"'7000' BL00 akcia CALVO 06.03. - 12.03.2019";2019-02-11;2019-03-12;2019-01-31
"AKCIA19-0045";"'7000' BL00 akcia BORGES 13.03. - 19.03.2019";2019-02-18;2019-03-19;2019-02-07
"AKCIA19-0046";"'5901' MT00 19806 SOS,BORGES 06.03.  - 19.03.2019";2019-02-21;2019-03-19;2019-02-12
"AKCIA19-0047";"'6022' CP00 D.STREDA CALVO 80g 28.02. - 13.03.2019";2019-02-12;2019-03-13;2019-02-08
"AKCIA19-0049";"'6000' CP00 VO c.09 CALVO 07.03. - 13.03.2019";2019-02-18;2019-03-13;2019-02-12
"AKCIA19-0050";"'6000' CP00 SPM+TEM c.09 CALVO 07.03. - 13.03.2019";2019-02-18;2019-03-13;2019-02-12
"AKCIA19-0051";"'1721' TR00 DNC HUMMUS 01.04. - 28.04.2019";2019-04-01;2019-04-28;2019-02-26
"AKCIA19-0053";"'1721' TR00 akcia T9-10 LIMEÑ 28.02. - 13.03.2019";2019-02-18;2019-03-17;2019-02-27
"AKCIA19-0054";"'7000' BL00 BBC 3 LIMEÑITA 01.03. - 31.03.2019";2019-02-22;2019-03-31;2019-02-18
"AKCIA19-0055";"'6022' CP00 GALANTA SOS, APPE 14.03.  - 27.03.2019";2019-02-26;2019-03-27;2019-02-18
"AKCIA19-0056";"'1301' CB00 MARKET CALVO stojan 21.03. - 03.04.2019";2019-03-04;2019-04-03;2019-02-20
"AKCIA19-0057";"'5901' MT00 19807 CALVO 20.03. - 02.04.2019";2019-03-07;2019-04-02;2019-02-22
"AKCIA19-0058";"'7000' BL00 akcia SOS 03.04. - 09.04.2019";2019-03-11;2019-04-09;2019-02-25
"AKCIA19-0059";"'1043' CB00 CALVO, SOS 22.03. - 02.04.2019";2019-03-04;2019-04-02;2019-02-26
"AKCIA19-0060";"'1721' TR00 akcia W12 CALVO 21.03. - 27.03.2019";2019-03-04;2019-04-10;2019-02-26
"AKCIA19-0061";"'1721' TR00 akcia W13 QUINOA 28.03. - 03.04.2019";2019-03-11;2019-04-03;2019-02-26
"AKCIA19-0062";"'1721' TR00 akcia T11 LIMEÑIT 14.03. - 20.03.2019";2019-03-04;2019-03-24;2019-02-27
"AKCIA19-0063";"'7000' BL00 BBC 4 VALOR 01.04. - 30.04.2019";2019-03-11;2019-04-30;2019-02-27
"AKCIA19-0066";"'1721' TR00 akcia W14 SOS, BO 04.04. - 10.04.2019";2019-03-18;2019-04-11;2019-03-08
"AKCIA19-0068";"'6002' CP00 Nitra stojan CALVO 15.03. - 30.04.2019";2019-03-15;2019-04-30;2019-03-15
"AKCIA19-0069";"'6022' CP00 GALANTA stojCALVO 15.03.  - 30.04.2019";2019-03-15;2019-04-30;2019-03-15
"AKCIA19-0070";"'1721' TR00 stojany BOR,CAL,G 18.03. - 30.04.2019";2019-03-18;2019-04-30;2019-03-15
"AKCIA19-0071";"'7000' BL00 akcia BORGES 10.04. - 16.04.2019";2019-03-18;2019-04-16;2019-03-15
"AKCIA19-0072";"'1479' CB00 CALVO 3x80g 21.03. - 03.04.2019";2019-03-07;2019-04-03;2019-03-15
"AKCIA19-0073";"'1600' DL00 LIMEÑITA, HUM, CA 14.04. - 28.04.2018";2019-03-25;2019-04-28;2019-03-15
"AKCIA19-0074";"'5901' MT00 19008 BORGES stoj 03.04. - 16.04.2019";2019-03-21;2019-04-16;2019-03-15
"AKCIA19-0075";"'5901' MT00 19008 CALVO 03.04. - 16.04.2019";2019-03-21;2019-04-16;2019-03-15
"AKCIA19-0076";"'6000' CP00 VO c.13 BORGES 04.04. - 10.04.2019";2019-03-18;2019-04-10;2019-03-15
"AKCIA19-0077";"'6000' CP00 SPM+TEM c.13 BORGE 04.04. - 10.04.2019";2019-03-18;2019-04-10;2019-03-15
"AKCIA19-0078";"'6022' CP00 D.STREDA CALVO 160g04.04. - 20.04.2019";2019-03-21;2019-04-20;2019-03-16
"AKCIA19-0079";"'1043' CB00 CALVO, LIMEÑ 12.04. - 29.04.2019";2019-03-25;2019-04-29;2019-03-16
"AKCIA19-0080";"'5700' KF00 stojany CALVO 01.04. - 30.04.2019";2019-02-19;2019-04-30;2019-03-18
"AKCIA19-0083";"'1143' CB00 VEREX CALVO 18.04. -  30.04.2019";2019-04-03;2019-04-30;2019-03-25
"AKCIA19-0084";"'1479' CB00 BORGES 23.04. - 05.05.2019";2019-04-08;2019-05-05;2019-03-25
"AKCIA19-0085";"'7000' BL00 katalóg GRIL BORG 06.05. - 02.06.2019";2019-04-15;2019-06-02;2019-03-25
"AKCIA19-0088";"'5901' MT00 19709 SOS 17.04. - 14.05.2019";2019-04-04;2019-05-14;2019-03-26
"AKCIA19-0089";"'7000' BL00 BBC 05 FRAGATA 01.05. - 31.05.2019";2019-04-08;2019-05-31;2019-03-27
"AKCIA19-0090";"'6000' CP00 VO c.15 FRAGATA 15.04. - 24.04.2019";2019-03-27;2019-04-24;2019-03-29
"AKCIA19-0091";"'6000' CP00 SPM+TEM c.15 FRAGA 15.04. - 24.04.2019";2019-03-27;2019-04-24;2019-03-29
"AKCIA19-0092";"'5901' MT00 19209 APPEL 17.04. - 30.04.2019";2019-04-04;2019-04-30;2019-04-02
"AKCIA19-0095";"'6022' CP00 GALANTA LIMEÑITA 25.04.  - 08.05.2019";2019-04-09;2019-05-08;2019-04-02
"AKCIA19-0096";"'7000' BL00 akcia CALVO 09.05. - 14.05.2019";2019-04-15;2019-05-14;2019-04-02
"AKCIA19-0097";"'1721' TR00 akcia LA19 HUMMUS 09.05. - 15.05.2019";2019-04-29;2019-05-17;2019-04-02
"AKCIA19-0100";"'0527' CB00 04/19 LIMEÑITA, 10.04. - 09.05.2019";2019-04-01;2019-05-09;2019-04-03
"AKCIA19-0101";"'5901' MT00 19010 CALVO 01.05. - 14.05.2019";2019-04-18;2019-05-14;2019-04-04
"AKCIA19-0102";"'7000' BL00 akcia BORGES 15.05. - 21.05.2019";2019-04-22;2019-05-21;2019-05-13
"AKCIA19-0105";"'1721' TR00 akcia W18 BORGES, 02.05. - 08.05.2019";2019-04-15;2019-05-08;2019-04-10
"AKCIA19-0108";"'6000' CP00 VO c.18 CALVO 09.05. - 15.05.2019";2019-04-23;2019-05-15;2019-04-12
"AKCIA19-0109";"'6000' CP00 SPM+TEM c.18 CALVO 09.05. - 15.05.2019";2019-04-23;2019-05-15;2019-04-12
"AKCIA19-0110";"'5901' MT00 19210 GULLON 01.05. - 14.05.2019";2019-04-18;2019-05-14;2019-04-12
"AKCIA19-0111";"'5901' MT00 19010 BORGES 01.05. - 14.05.2019";2019-04-18;2019-05-14;2019-04-16
"AKCIA19-0112";"'5901' MT00 1910 LIMEÑITA 01.05. - 14.05.2019";2019-04-28;2019-05-14;2019-04-16
"AKCIA19-0113";"'6022' CP00 GALANTA CALVO, BO 16.05.  - 29.05.2019";2019-04-23;2019-05-29;2019-04-16
"AKCIA19-0114";"'7000' BL00 katalóg LETO BORG 03.06. - 30.06.2019";2019-05-12;2019-06-30;2019-04-16
"AKCIA19-0115";"'6022' CP00 D.STREDA CALVO 80g 09.05. - 22.05.2019";2019-04-25;2019-05-22;2019-04-17
"AKCIA19-0116";"'1721' TR00 akcia T18 LIMEÑIT 02.05. - 15.05.2019";2019-04-23;2019-05-19;2019-04-23
"AKCIA19-0117";"'1479' CB00 SOS 1kg 16.05. - 05.06.2019";2019-05-02;2019-06-05;2019-04-23
"AKCIA19-0119";"'1043' CB00 CALVO, BORGE 17.05. - 04.06.2019";2019-04-29;2019-06-04;2019-04-24
"AKCIA19-0120";"'6002' CP00 Nitra stojan CALVO 01.05. - 31.05.2019";2019-05-01;2019-05-31;2019-04-29
"AKCIA19-0122";"'1721' TR00 akcia W21 CALVO 23.05. - 29.05.2019";2019-05-06;2019-05-29;2019-04-29
"AKCIA19-0123";"'7000' BL00 BBC 06 SOS 01.06. - 30.06.2019";2019-05-13;2019-06-30;2019-04-29
"AKCIA19-0124";"'7000' BL00 akcia SOS 05.06. - 11.06.2019";2019-05-13;2019-06-11;2019-04-29
"AKCIA19-0126";"'1143' CB00 VEREX SOS, BORGES 16.05. - 05.06.2019";2019-04-30;2019-06-05;2019-04-29
"AKCIA19-0127";"'5901' MT00 19012 BORGES, APP 29.05. - 11.06.2019";2019-05-16;2019-06-11;2019-05-02
"AKCIA19-0130";"'7000' BL00 akcia BORGES 19.06. - 25.06.2019";2019-05-27;2019-06-25;2019-05-13
"AKCIA19-0131";"'6000' CP00 VO c.22 SOS 06.06. - 12.06.2019";2019-05-20;2019-06-12;2019-05-13
"AKCIA19-0132";"'6000' CP00 SPM+TEM c.22 SOS 06.06. - 12.06.2019";2019-05-20;2019-06-12;2019-05-13
"AKCIA19-0133";"'6000' CP00 VO SD c.12 BORGES 06.06. - 19.06.2019";2019-05-20;2019-06-19;2019-05-13
"AKCIA19-0134";"'6000' CP00 SPM+TEM SD c.12 BORG 06.06. - 19.06.19";2019-05-20;2019-06-19;2019-05-13
"AKCIA19-0135";"'7000' BL00 BBC 6 LIMEÑITA 01.06. - 30.06.2019";2019-05-24;2019-06-30;2019-05-14
"AKCIA19-0137";"'1721' TR00 akcia W24 BORGES 13.06. - 19.06.2019";2019-05-27;2019-06-19;2019-05-14
"AKCIA19-0138";"'1301' CB00 MARKET CALVO,SOS,BO 20.06. - 03.07.2019";2019-05-30;2019-07-03;2019-05-31
"AKCIA19-0140";"'1721' TR00 stojany CALVO al 01.06. - 30.06.2019";2019-05-16;2019-06-30;2019-05-17
"AKCIA19-0141";"'1721' TR00 akcia T22 LIMEÑIT 30.05. - 09.06.2019";2019-05-20;2019-06-09;2019-05-17
"AKCIA19-0142";"'5901' MT00 19013 APPEL 12.06. - 25.06.2019";2019-05-30;2019-06-25;2019-05-17
"AKCIA19-0144";"'6022' CP00 D.STREDA CALVO 160g06.06. - 19.06.2019";2019-05-23;2019-06-19;2019-05-24
"AKCIA19-0145";"'6022' CP00 D.STREDA CAL,LIM 27.06. - 10.07.2019";2019-06-07;2019-07-10;2019-06-06
"AKCIA19-0148";"'1479' CB00 CALVO 3x80g 21.03. - 03.04.2019";2019-06-06;2019-07-03;2019-05-29
"AKCIA19-0149";"'1043' CB00 CALVO, BORGE 21.06. - 02.07.2019";2019-06-03;2019-07-02;2019-05-29
"AKCIA19-0150";"'6022' CP00 GALANTA CALVO,LIME 27.06. - 10.07.2019";2019-06-11;2019-07-10;2019-05-29
"AKCIA19-0151";"'7000' BL00 akcia FRAGATA 03.07. - 09.07.2019";2019-07-03;2019-07-09;2019-05-29
"AKCIA19-0152";"'7000' BL00 BBC 7 GULLÓN 01.07. - 31.07.2019";2019-07-01;2019-07-31;2019-05-29
"AKCIA19-0153";"'1721' TR00 akcia T24 LIMEÑIT 13.06. - 19.06.2019";2019-06-03;2019-06-23;2019-06-03
"AKCIA19-0154";"'1721' TR00 akcia W26 BORGES 27.06. - 03.07.2019";2019-06-10;2019-07-03;2019-06-03
"AKCIA19-0155";"'5901' MT00 19014 BORGES 26.06. - 09.07.2019";2019-06-13;2019-07-09;2019-06-03
"AKCIA19-0158";"'0527' CB00 11/18 SOS, BORG 10.06. - 09.07.2019";2019-06-01;2019-07-09;2019-06-05
"AKCIA19-0159";"'1721' TR00 akcia LA27 HUMMUS 04.07. - 10.07.2019";2019-06-17;2019-07-12;2019-06-06
"AKCIA19-0160";"'1721' TR00 akcia W27 SOS 04.07. - 10.07.2019";2019-06-17;2019-06-30;2019-06-06
"AKCIA19-0161";"'7000' BL00 akcia BORGES 17.07. - 23.07.2019";2019-07-01;2019-07-23;2019-06-06
"AKCIA19-0162";"'7000' BL00 akcia CALVO 24.07. - 30.07.2019";2019-07-10;2019-07-30;2019-06-06
